id,symbol,date,rsi,volume_spike,sentiment_score,buy_score,recommendation,notes,created_at
1,AIRLINK,2026-01-23,,0,0.073,6,BUY,Limited technical data available.,2026-01-22 19:39:52
2,FFC,2026-01-23,,0,0.001,6,BUY,Limited technical data available.,2026-01-22 19:39:52
3,GLAXO,2026-01-23,,0,0.053,6,BUY,Limited technical data available.,2026-01-22 19:39:52
4,HBL,2026-01-23,,0,0.014,6,BUY,Limited technical data available.,2026-01-22 19:39:52
5,LUCK,2026-01-23,,0,0.081,6,BUY,Limited technical data available.,2026-01-22 19:39:52
6,MARI,2026-01-23,,0,0.065,6,BUY,Limited technical data available.,2026-01-22 19:39:52
7,MCB,2026-01-23,,0,0.06,6,BUY,Limited technical data available.,2026-01-22 19:39:52
8,MTL,2026-01-23,,0,0.028,6,BUY,Limited technical data available.,2026-01-22 19:39:52
9,NESTLE,2026-01-23,,0,0.095,6,BUY,Limited technical data available.,2026-01-22 19:39:52
10,OGDC,2026-01-23,,0,0.013,6,BUY,Limited technical data available.,2026-01-22 19:39:52
11,PPL,2026-01-23,,0,0.033,6,BUY,Limited technical data available.,2026-01-22 19:39:52
12,PSO,2026-01-23,,0,0.023,6,BUY,Limited technical data available.,2026-01-22 19:39:52
13,SAZEW,2026-01-23,,0,0.065,6,BUY,Limited technical data available.,2026-01-22 19:39:52
14,UBL,2026-01-23,,0,0.049,6,BUY,Limited technical data available.,2026-01-22 19:39:52
29,786,2026-01-23,,0,-0.02,6,BUY,Limited technical data available.,2026-01-22 20:53:04
30,786R,2026-01-23,,0,0.0,6,BUY,Limited technical data available.,2026-01-22 20:53:04
31,AABS,2026-01-23,,0,0.183,6,BUY,Limited technical data available.,2026-01-22 20:53:04
32,AAL,2026-01-23,,0,-0.018,6,BUY,Limited technical data available.,2026-01-22 20:53:04
33,AASM,2026-01-23,,0,0.032,6,BUY,Limited technical data available.,2026-01-22 20:53:04
34,AATM,2026-01-23,,0,0.003,6,BUY,Limited technical data available.,2026-01-22 20:53:04
35,ABL,2026-01-23,,0,0.028,6,BUY,Limited technical data available.,2026-01-22 20:53:04
36,ABOT,2026-01-23,,0,0.0,6,BUY,Limited technical data available.,2026-01-22 20:53:04
37,ABSON,2026-01-23,,0,0.0,6,BUY,Limited technical data available.,2026-01-22 20:53:04
38,ACIETF,2026-01-23,,0,0.0,6,BUY,Limited technical data available.,2026-01-22 20:53:04
39,ACPL,2026-01-23,,0,0.026,6,BUY,Limited technical data available.,2026-01-22 20:53:04
40,ADAMS,2026-01-23,,0,0.109,6,BUY,Limited technical data available.,2026-01-22 20:53:04
41,ADMM,2026-01-23,,0,0.027,6,BUY,Limited technical data available.,2026-01-22 20:53:04
42,AGHA,2026-01-23,,0,0.037,6,BUY,Limited technical data available.,2026-01-22 20:53:04
43,AGIC,2026-01-23,,0,0.142,6,BUY,Limited technical data available.,2026-01-22 20:53:04
44,AGICR2,2026-01-23,,0,0.0,6,BUY,Limited technical data available.,2026-01-22 20:53:04
45,AGIL,2026-01-23,,0,0.158,6,BUY,Limited technical data available.,2026-01-22 20:53:04
46,AGL,2026-01-23,,0,-0.044,6,BUY,Limited technical data available.,2026-01-22 20:53:04
47,AGLNCPS,2026-01-23,,0,0.0,6,BUY,Limited technical data available.,2026-01-22 20:53:04
48,AGP,2026-01-23,,0,0.126,6,BUY,Limited technical data available.,2026-01-22 20:53:04
49,AGSML,2026-01-23,,0,0.007,6,BUY,Limited technical data available.,2026-01-22 20:53:04
50,AGTL,2026-01-23,,0,0.0,6,BUY,Limited technical data available.,2026-01-22 20:53:04
51,AHCL,2026-01-23,,0,-0.021,6,BUY,Limited technical data available.,2026-01-22 20:53:04
52,AHL,2026-01-23,,0,-0.023,6,BUY,Limited technical data available.,2026-01-22 20:53:04
53,AHTM,2026-01-23,,0,0.038,6,BUY,Limited technical data available.,2026-01-22 20:53:04
54,AICL,2026-01-23,,0,0.034,6,BUY,Limited technical data available.,2026-01-22 20:53:04
56,AKBL,2026-01-23,,0,0.021,6,BUY,Limited technical data available.,2026-01-22 20:53:04
57,AKDHL,2026-01-23,,0,-0.045,6,BUY,Limited technical data available.,2026-01-22 20:53:04
58,AKDSL,2026-01-23,,0,0.029,6,BUY,Limited technical data available.,2026-01-22 20:53:04
59,AKGL,2026-01-23,,0,0.024,6,BUY,Limited technical data available.,2026-01-22 20:53:04
60,ALAC,2026-01-23,,0,0.044,6,BUY,Limited technical data available.,2026-01-22 20:53:05
61,ALIFE,2026-01-23,,0,0.076,6,BUY,Limited technical data available.,2026-01-22 20:53:05
62,ALNRS,2026-01-23,,0,0.063,6,BUY,Limited technical data available.,2026-01-22 20:53:05
63,ALTN,2026-01-23,,0,0.04,6,BUY,Limited technical data available.,2026-01-22 20:53:05
64,AMBL,2026-01-23,,0,-0.008,6,BUY,Limited technical data available.,2026-01-22 20:53:05
65,AMSL,2026-01-23,,0,0.121,6,BUY,Limited technical data available.,2026-01-22 20:53:05
66,AMTEX,2026-01-23,,0,0.032,6,BUY,Limited technical data available.,2026-01-22 20:53:05
67,ANL,2026-01-23,,0,0.05,6,BUY,Limited technical data available.,2026-01-22 20:53:05
68,ANLNV,2026-01-23,,0,0.0,6,BUY,Limited technical data available.,2026-01-22 20:53:05
69,ANLPS,2026-01-23,,0,0.0,6,BUY,Limited technical data available.,2026-01-22 20:53:05
70,ANNT,2026-01-23,,0,0.0,6,BUY,Limited technical data available.,2026-01-22 20:53:05
71,ANSM,2026-01-23,,0,0.022,6,BUY,Limited technical data available.,2026-01-22 20:53:05
72,ANTM,2026-01-23,,0,0.006,6,BUY,Limited technical data available.,2026-01-22 20:53:05
73,APL,2026-01-23,,0,0.022,6,BUY,Limited technical data available.,2026-01-22 20:53:05
74,APOT,2026-01-23,,0,-0.113,6,BUY,Limited technical data available.,2026-01-22 20:53:05
75,ARCTM,2026-01-23,,0,-0.008,6,BUY,Limited technical data available.,2026-01-22 20:53:05
76,ARPAK,2026-01-23,,0,0.0,6,BUY,Limited technical data available.,2026-01-22 20:53:05
77,ARPL,2026-01-23,,0,0.028,6,BUY,Limited technical data available.,2026-01-22 20:53:05
78,ARUJ,2026-01-23,,0,0.044,6,BUY,Limited technical data available.,2026-01-22 20:53:05
79,ASC,2026-01-23,,0,-0.007,6,BUY,Limited technical data available.,2026-01-22 20:53:05
80,ASHT,2026-01-23,,0,0.0,6,BUY,Limited technical data available.,2026-01-22 20:53:05
81,ASIC,2026-01-23,,0,0.003,6,BUY,Limited technical data available.,2026-01-22 20:53:05
82,ASL,2026-01-23,,0,-0.011,6,BUY,Limited technical data available.,2026-01-22 20:53:05
83,ASLCPS,2026-01-23,,0,0.0,6,BUY,Limited technical data available.,2026-01-22 20:53:05
84,ASLPS,2026-01-23,,0,0.0,6,BUY,Limited technical data available.,2026-01-22 20:53:05
85,ASTL,2026-01-23,,0,0.014,6,BUY,Limited technical data available.,2026-01-22 20:53:05
86,ASTM,2026-01-23,,0,0.004,6,BUY,Limited technical data available.,2026-01-22 20:53:05
87,ATBA,2026-01-23,,0,0.006,6,BUY,Limited technical data available.,2026-01-22 20:53:05
88,ATIL,2026-01-23,,0,0.044,6,BUY,Limited technical data available.,2026-01-22 20:53:05
89,ATLH,2026-01-23,,0,0.019,6,BUY,Limited technical data available.,2026-01-22 20:53:05
90,ATRL,2026-01-23,,0,0.019,6,BUY,Limited technical data available.,2026-01-22 20:53:05
91,AVN,2026-01-23,,0,0.057,6,BUY,Limited technical data available.,2026-01-22 20:53:05
92,AWTX,2026-01-23,,0,0.004,6,BUY,Limited technical data available.,2026-01-22 20:53:05
93,AZMT,2026-01-23,,0,0.0,6,BUY,Limited technical data available.,2026-01-22 20:53:05
94,BAFL,2026-01-23,,0,0.169,6,BUY,Limited technical data available.,2026-01-22 20:53:05
95,BAFS,2026-01-23,,0,0.003,6,BUY,Limited technical data available.,2026-01-22 20:53:05
96,BAHL,2026-01-23,,0,0.007,6,BUY,Limited technical data available.,2026-01-22 20:53:05
97,BAPL,2026-01-23,,0,0.051,6,BUY,Limited technical data available.,2026-01-22 20:53:05
98,BATA,2026-01-23,,0,-0.007,6,BUY,Limited technical data available.,2026-01-22 20:53:05
99,BBFL,2026-01-23,,0,-0.013,6,BUY,Limited technical data available.,2026-01-22 20:53:05
100,BCL,2026-01-23,,0,-0.012,6,BUY,Limited technical data available.,2026-01-22 20:53:05
101,BECO,2026-01-23,,0,0.115,6,BUY,Limited technical data available.,2026-01-22 20:53:05
102,BELA,2026-01-23,,0,0.0,6,BUY,Limited technical data available.,2026-01-22 20:53:05
103,BERG,2026-01-23,,0,0.05,6,BUY,Limited technical data available.,2026-01-22 20:53:05
104,BFAGRO,2026-01-23,,0,0.105,6,BUY,Limited technical data available.,2026-01-22 20:53:05
105,BFBIO,2026-01-23,,0,0.093,6,BUY,Limited technical data available.,2026-01-22 20:53:05
106,BFMOD,2026-01-23,,0,0.002,6,BUY,Limited technical data available.,2026-01-22 20:53:05
107,BGL,2026-01-23,,0,0.06,6,BUY,Limited technical data available.,2026-01-22 20:53:05
108,BHAT,2026-01-23,,0,0.013,6,BUY,Limited technical data available.,2026-01-22 20:53:05
109,BIFO,2026-01-23,,0,0.014,6,BUY,Limited technical data available.,2026-01-22 20:53:05
110,BIIC,2026-01-23,,0,-0.226,5,BUY,Limited technical data available.,2026-01-22 20:53:05
111,BIPL,2026-01-23,,0,0.008,6,BUY,Limited technical data available.,2026-01-22 20:53:05
112,BLUEX,2026-01-23,,0,-0.09,6,BUY,Limited technical data available.,2026-01-22 20:53:05
113,BML,2026-01-23,,0,0.0,6,BUY,Limited technical data available.,2026-01-22 20:53:05
114,BNL,2026-01-23,,0,0.027,6,BUY,Limited technical data available.,2026-01-22 20:53:05
115,BNWM,2026-01-23,,0,-0.01,6,BUY,Limited technical data available.,2026-01-22 20:53:05
116,BOK,2026-01-23,,0,0.04,6,BUY,Limited technical data available.,2026-01-22 20:53:05
117,BOP,2026-01-23,,0,0.061,6,BUY,Limited technical data available.,2026-01-22 20:53:05
118,BPL,2026-01-23,,0,0.046,6,BUY,Limited technical data available.,2026-01-22 20:53:05
119,BRRG,2026-01-23,,0,-0.03,6,BUY,Limited technical data available.,2026-01-22 20:53:05
120,BTL,2026-01-23,,0,0.019,6,BUY,Limited technical data available.,2026-01-22 20:53:05
121,BUXL,2026-01-23,,0,0.011,6,BUY,Limited technical data available.,2026-01-22 20:53:05
122,BWCL,2026-01-23,,0,0.045,6,BUY,Limited technical data available.,2026-01-22 20:53:06
123,BWHL,2026-01-23,,0,0.022,6,BUY,Limited technical data available.,2026-01-22 20:53:06
124,CASH,2026-01-23,,0,0.0,6,BUY,Limited technical data available.,2026-01-22 20:53:06
125,CCM,2026-01-23,,0,0.0,6,BUY,Limited technical data available.,2026-01-22 20:53:06
126,CENI,2026-01-23,,0,0.011,6,BUY,Limited technical data available.,2026-01-22 20:53:06
127,CEPB,2026-01-23,,0,0.027,6,BUY,Limited technical data available.,2026-01-22 20:53:06
128,CFL,2026-01-23,,0,-0.023,6,BUY,Limited technical data available.,2026-01-22 20:53:06
129,CHAS,2026-01-23,,0,0.014,6,BUY,Limited technical data available.,2026-01-22 20:53:06
130,CHBL,2026-01-23,,0,0.007,6,BUY,Limited technical data available.,2026-01-22 20:53:06
131,CHCC,2026-01-23,,0,0.061,6,BUY,Limited technical data available.,2026-01-22 20:53:06
132,CJPL,2026-01-23,,0,0.048,6,BUY,Limited technical data available.,2026-01-22 20:53:06
133,CLCPS,2026-01-23,,0,0.0,6,BUY,Limited technical data available.,2026-01-22 20:53:06
134,CLOV,2026-01-23,,0,0.0,6,BUY,Limited technical data available.,2026-01-22 20:53:06
135,CLVL,2026-01-23,,0,0.0,6,BUY,Limited technical data available.,2026-01-22 20:53:06
136,CNERGY,2026-01-23,,0,-0.031,6,BUY,Limited technical data available.,2026-01-22 20:53:06
137,COLG,2026-01-23,,0,0.033,6,BUY,Limited technical data available.,2026-01-22 20:53:06
138,CPHL,2026-01-23,,0,0.095,6,BUY,Limited technical data available.,2026-01-22 20:53:06
139,CPPL,2026-01-23,,0,0.011,6,BUY,Limited technical data available.,2026-01-22 20:53:06
140,CRTM,2026-01-23,,0,0.059,6,BUY,Limited technical data available.,2026-01-22 20:53:06
141,CSAP,2026-01-23,,0,0.132,6,BUY,Limited technical data available.,2026-01-22 20:53:06
142,CSIL,2026-01-23,,0,0.0,6,BUY,Limited technical data available.,2026-01-22 20:53:06
143,CSILR3,2026-01-23,,0,0.0,6,BUY,Limited technical data available.,2026-01-22 20:53:06
144,CTM,2026-01-23,,0,0.032,6,BUY,Limited technical data available.,2026-01-22 20:53:06
145,CYAN,2026-01-23,,0,-0.012,6,BUY,Limited technical data available.,2026-01-22 20:53:06
146,DAAG,2026-01-23,,0,0.001,6,BUY,Limited technical data available.,2026-01-22 20:53:06
147,DADX,2026-01-23,,0,-0.002,6,BUY,Limited technical data available.,2026-01-22 20:53:06
148,DBCI,2026-01-23,,0,0.0,6,BUY,Limited technical data available.,2026-01-22 20:53:06
149,DBSL,2026-01-23,,0,0.0,6,BUY,Limited technical data available.,2026-01-22 20:53:06
150,DCL,2026-01-23,,0,0.003,6,BUY,Limited technical data available.,2026-01-22 20:53:06
151,DCR,2026-01-23,,0,0.082,6,BUY,Limited technical data available.,2026-01-22 20:53:06
152,DCTL,2026-01-23,,0,-0.007,6,BUY,Limited technical data available.,2026-01-22 20:53:06
153,DEL,2026-01-23,,0,0.011,6,BUY,Limited technical data available.,2026-01-22 20:53:06
154,DFML,2026-01-23,,0,0.06,6,BUY,Limited technical data available.,2026-01-22 20:53:06
155,DFSM,2026-01-23,,0,0.01,6,BUY,Limited technical data available.,2026-01-22 20:53:06
156,DGKC,2026-01-23,,0,-0.001,6,BUY,Limited technical data available.,2026-01-22 20:53:06
157,DHPL,2026-01-23,,0,0.042,6,BUY,Limited technical data available.,2026-01-22 20:53:06
158,DIIL,2026-01-23,,0,0.012,6,BUY,Limited technical data available.,2026-01-22 20:53:06
159,DINT,2026-01-23,,0,0.016,6,BUY,Limited technical data available.,2026-01-22 20:53:06
160,DKTM,2026-01-23,,0,0.0,6,BUY,Limited technical data available.,2026-01-22 20:53:06
161,DLL,2026-01-23,,0,-0.019,6,BUY,Limited technical data available.,2026-01-22 20:53:06
162,DMC,2026-01-23,,0,0.0,6,BUY,Limited technical data available.,2026-01-22 20:53:06
163,DMTM,2026-01-23,,0,0.022,6,BUY,Limited technical data available.,2026-01-22 20:53:06
164,DNCC,2026-01-23,,0,0.045,6,BUY,Limited technical data available.,2026-01-22 20:53:06
165,DOL,2026-01-23,,0,0.065,6,BUY,Limited technical data available.,2026-01-22 20:53:06
166,DSFL,2026-01-23,,0,0.0,6,BUY,Limited technical data available.,2026-01-22 20:53:06
167,DSIL,2026-01-23,,0,0.033,6,BUY,Limited technical data available.,2026-01-22 20:53:06
168,DSL,2026-01-23,,0,0.028,6,BUY,Limited technical data available.,2026-01-22 20:53:06
169,DWAE,2026-01-23,,0,0.012,6,BUY,Limited technical data available.,2026-01-22 20:53:06
170,DWSM,2026-01-23,,0,0.036,6,BUY,Limited technical data available.,2026-01-22 20:53:06
171,DWTM,2026-01-23,,0,0.002,6,BUY,Limited technical data available.,2026-01-22 20:53:06
172,DYNO,2026-01-23,,0,0.011,6,BUY,Limited technical data available.,2026-01-22 20:53:06
173,ECOP,2026-01-23,,0,-0.016,6,BUY,Limited technical data available.,2026-01-22 20:53:06
174,EFERT,2026-01-23,,0,0.094,6,BUY,Limited technical data available.,2026-01-22 20:53:06
175,EFUG,2026-01-23,,0,0.056,6,BUY,Limited technical data available.,2026-01-22 20:53:06
176,EFUL,2026-01-23,,0,0.074,6,BUY,Limited technical data available.,2026-01-22 20:53:06
177,ELCM,2026-01-23,,0,0.017,6,BUY,Limited technical data available.,2026-01-22 20:53:06
178,ELSM,2026-01-23,,0,0.005,6,BUY,Limited technical data available.,2026-01-22 20:53:06
179,EMCO,2026-01-23,,0,0.002,6,BUY,Limited technical data available.,2026-01-22 20:53:06
180,ENGL,2026-01-23,,0,-0.226,5,BUY,Limited technical data available.,2026-01-22 20:53:06
181,ENGROH,2026-01-23,,0,0.088,6,BUY,Limited technical data available.,2026-01-22 20:53:06
182,EPCL,2026-01-23,,0,-0.099,6,BUY,Limited technical data available.,2026-01-22 20:53:06
183,EPCLPS,2026-01-23,,0,0.0,6,BUY,Limited technical data available.,2026-01-22 20:53:06
184,EPQL,2026-01-23,,0,0.04,6,BUY,Limited technical data available.,2026-01-22 20:53:06
185,ESBL,2026-01-23,,0,0.014,6,BUY,Limited technical data available.,2026-01-22 20:53:06
186,EWIC,2026-01-23,,0,0.064,6,BUY,Limited technical data available.,2026-01-22 20:53:07
187,EXIDE,2026-01-23,,0,0.078,6,BUY,Limited technical data available.,2026-01-22 20:53:07
188,FABL,2026-01-23,,0,0.089,6,BUY,Limited technical data available.,2026-01-22 20:53:07
189,FAEL,2026-01-23,,0,0.0,6,BUY,Limited technical data available.,2026-01-22 20:53:07
190,FANM,2026-01-23,,0,0.0,6,BUY,Limited technical data available.,2026-01-22 20:53:07
191,FASM,2026-01-23,,0,0.033,6,BUY,Limited technical data available.,2026-01-22 20:53:07
192,FATIMA,2026-01-23,,0,-0.041,6,BUY,Limited technical data available.,2026-01-22 20:53:07
193,FCCL,2026-01-23,,0,0.035,6,BUY,Limited technical data available.,2026-01-22 20:53:07
194,FCEL,2026-01-23,,0,0.029,6,BUY,Limited technical data available.,2026-01-22 20:53:07
195,FCEPL,2026-01-23,,0,0.032,6,BUY,Limited technical data available.,2026-01-22 20:53:07
196,FCIBL,2026-01-23,,0,0.082,6,BUY,Limited technical data available.,2026-01-22 20:53:07
197,FCL,2026-01-23,,0,0.102,6,BUY,Limited technical data available.,2026-01-22 20:53:07
198,FCONM,2026-01-23,,0,0.0,6,BUY,Limited technical data available.,2026-01-22 20:53:07
199,FCSC,2026-01-23,,0,0.033,6,BUY,Limited technical data available.,2026-01-22 20:53:07
200,FDPL,2026-01-23,,0,0.002,6,BUY,Limited technical data available.,2026-01-22 20:53:07
201,FECM,2026-01-23,,0,0.037,6,BUY,Limited technical data available.,2026-01-22 20:53:07
202,FECTC,2026-01-23,,0,0.028,6,BUY,Limited technical data available.,2026-01-22 20:53:07
203,FEM,2026-01-23,,0,0.012,6,BUY,Limited technical data available.,2026-01-22 20:53:07
204,FEROZ,2026-01-23,,0,0.046,6,BUY,Limited technical data available.,2026-01-22 20:53:07
206,FFL,2026-01-23,,0,0.009,6,BUY,Limited technical data available.,2026-01-22 20:53:07
207,FFLM,2026-01-23,,0,0.007,6,BUY,Limited technical data available.,2026-01-22 20:53:07
208,FHAM,2026-01-23,,0,0.086,6,BUY,Limited technical data available.,2026-01-22 20:53:07
209,FIBLM,2026-01-23,,0,0.002,6,BUY,Limited technical data available.,2026-01-22 20:53:07
210,FIL,2026-01-23,,0,0.0,6,BUY,Limited technical data available.,2026-01-22 20:53:07
211,FIM,2026-01-23,,0,0.0,6,BUY,Limited technical data available.,2026-01-22 20:53:07
212,FIMM,2026-01-23,,0,0.085,6,BUY,Limited technical data available.,2026-01-22 20:53:07
213,FLYNG,2026-01-23,,0,0.024,6,BUY,Limited technical data available.,2026-01-22 20:53:07
214,FML,2026-01-23,,0,-0.014,6,BUY,Limited technical data available.,2026-01-22 20:53:07
215,FNBM,2026-01-23,,0,0.091,6,BUY,Limited technical data available.,2026-01-22 20:53:07
216,FNEL,2026-01-23,,0,-0.007,6,BUY,Limited technical data available.,2026-01-22 20:53:07
217,FPJM,2026-01-23,,0,0.0,6,BUY,Limited technical data available.,2026-01-22 20:53:07
218,FPRM,2026-01-23,,0,0.057,6,BUY,Limited technical data available.,2026-01-22 20:53:07
219,FRCL,2026-01-23,,0,0.013,6,BUY,Limited technical data available.,2026-01-22 20:53:07
220,FRSM,2026-01-23,,0,0.012,6,BUY,Limited technical data available.,2026-01-22 20:53:07
221,FSWL,2026-01-23,,0,0.088,6,BUY,Limited technical data available.,2026-01-22 20:53:07
222,FTHM,2026-01-23,,0,-0.226,5,BUY,Limited technical data available.,2026-01-22 20:53:07
223,FTMM,2026-01-23,,0,0.085,6,BUY,Limited technical data available.,2026-01-22 20:53:07
224,FTSM,2026-01-23,,0,0.0,6,BUY,Limited technical data available.,2026-01-22 20:53:07
225,FZCM,2026-01-23,,0,-0.003,6,BUY,Limited technical data available.,2026-01-22 20:53:07
226,GADT,2026-01-23,,0,0.024,6,BUY,Limited technical data available.,2026-01-22 20:53:07
227,GAL,2026-01-23,,0,0.049,6,BUY,Limited technical data available.,2026-01-22 20:53:07
228,GAMON,2026-01-23,,0,0.107,6,BUY,Limited technical data available.,2026-01-22 20:53:07
229,GATI,2026-01-23,,0,-0.005,6,BUY,Limited technical data available.,2026-01-22 20:53:07
230,GATM,2026-01-23,,0,0.032,6,BUY,Limited technical data available.,2026-01-22 20:53:07
231,GCIL,2026-01-23,,0,-0.196,6,BUY,Limited technical data available.,2026-01-22 20:53:07
232,GCWL,2026-01-23,,0,-0.205,5,BUY,Limited technical data available.,2026-01-22 20:53:07
233,GEMBCEM,2026-01-23,,0,0.012,6,BUY,Limited technical data available.,2026-01-22 20:53:07
234,GEMMEL,2026-01-23,,0,-0.007,6,BUY,Limited technical data available.,2026-01-22 20:53:07
235,GEMNETS,2026-01-23,,0,0.013,6,BUY,Limited technical data available.,2026-01-22 20:53:07
236,GEMPACRA,2026-01-23,,0,0.041,6,BUY,Limited technical data available.,2026-01-22 20:53:07
237,GEMPAPL,2026-01-23,,0,0.0,6,BUY,Limited technical data available.,2026-01-22 20:53:07
238,GEMSPNL,2026-01-23,,0,-0.011,6,BUY,Limited technical data available.,2026-01-22 20:53:07
239,GFIL,2026-01-23,,0,0.006,6,BUY,Limited technical data available.,2026-01-22 20:53:07
240,GGGL,2026-01-23,,0,-0.139,6,BUY,Limited technical data available.,2026-01-22 20:53:07
241,GGL,2026-01-23,,0,-0.149,6,BUY,Limited technical data available.,2026-01-22 20:53:07
242,GHGL,2026-01-23,,0,0.038,6,BUY,Limited technical data available.,2026-01-22 20:53:07
243,GHNI,2026-01-23,,0,0.175,6,BUY,Limited technical data available.,2026-01-22 20:53:07
244,GIL,2026-01-23,,0,0.003,6,BUY,Limited technical data available.,2026-01-22 20:53:07
246,GLOT,2026-01-23,,0,0.0,6,BUY,Limited technical data available.,2026-01-22 20:53:07
247,GLPL,2026-01-23,,0,-0.01,6,BUY,Limited technical data available.,2026-01-22 20:53:07
248,GOC,2026-01-23,,0,0.06,6,BUY,Limited technical data available.,2026-01-22 20:53:07
249,GRR,2026-01-23,,0,0.017,6,BUY,Limited technical data available.,2026-01-22 20:53:07
250,GRYL,2026-01-23,,0,-0.074,6,BUY,Limited technical data available.,2026-01-22 20:53:07
251,GSPM,2026-01-23,,0,0.055,6,BUY,Limited technical data available.,2026-01-22 20:53:07
252,GTYR,2026-01-23,,0,-0.01,6,BUY,Limited technical data available.,2026-01-22 20:53:07
253,GUSM,2026-01-23,,0,0.063,6,BUY,Limited technical data available.,2026-01-22 20:53:07
254,GUTM,2026-01-23,,0,0.039,6,BUY,Limited technical data available.,2026-01-22 20:53:08
255,GVGL,2026-01-23,,0,0.046,6,BUY,Limited technical data available.,2026-01-22 20:53:08
256,GWLC,2026-01-23,,0,0.006,6,BUY,Limited technical data available.,2026-01-22 20:53:08
257,HABSM,2026-01-23,,0,0.01,6,BUY,Limited technical data available.,2026-01-22 20:53:08
258,HADC,2026-01-23,,0,-0.006,6,BUY,Limited technical data available.,2026-01-22 20:53:08
259,HAEL,2026-01-23,,0,0.027,6,BUY,Limited technical data available.,2026-01-22 20:53:08
260,HAFL,2026-01-23,,0,-0.056,6,BUY,Limited technical data available.,2026-01-22 20:53:08
261,HAJT,2026-01-23,,0,-0.226,5,BUY,Limited technical data available.,2026-01-22 20:53:08
262,HALEON,2026-01-23,,0,0.005,6,BUY,Limited technical data available.,2026-01-22 20:53:08
263,HASCOL,2026-01-23,,0,0.016,6,BUY,Limited technical data available.,2026-01-22 20:53:08
264,HATM,2026-01-23,,0,-0.003,6,BUY,Limited technical data available.,2026-01-22 20:53:08
266,HBLTETF,2026-01-23,,0,0.0,6,BUY,Limited technical data available.,2026-01-22 20:53:08
267,HCAR,2026-01-23,,0,0.008,6,BUY,Limited technical data available.,2026-01-22 20:53:08
268,HGFA,2026-01-23,,0,0.0,6,BUY,Limited technical data available.,2026-01-22 20:53:08
269,HICL,2026-01-23,,0,0.021,6,BUY,Limited technical data available.,2026-01-22 20:53:08
270,HIFA,2026-01-23,,0,0.0,6,BUY,Limited technical data available.,2026-01-22 20:53:08
271,HINO,2026-01-23,,0,-0.01,6,BUY,Limited technical data available.,2026-01-22 20:53:08
272,HINOON,2026-01-23,,0,-0.011,6,BUY,Limited technical data available.,2026-01-22 20:53:08
273,HIRAT,2026-01-23,,0,0.025,6,BUY,Limited technical data available.,2026-01-22 20:53:08
274,HKKT,2026-01-23,,0,0.0,6,BUY,Limited technical data available.,2026-01-22 20:53:08
275,HMB,2026-01-23,,0,0.073,6,BUY,Limited technical data available.,2026-01-22 20:53:08
276,HMIM,2026-01-23,,0,0.028,6,BUY,Limited technical data available.,2026-01-22 20:53:08
277,HPL,2026-01-23,,0,0.061,6,BUY,Limited technical data available.,2026-01-22 20:53:08
278,HRPL,2026-01-23,,0,0.045,6,BUY,Limited technical data available.,2026-01-22 20:53:08
279,HSPI,2026-01-23,,0,0.0,6,BUY,Limited technical data available.,2026-01-22 20:53:08
280,HTL,2026-01-23,,0,0.027,6,BUY,Limited technical data available.,2026-01-22 20:53:08
281,HUBC,2026-01-23,,0,-0.054,6,BUY,Limited technical data available.,2026-01-22 20:53:08
282,HUMNL,2026-01-23,,0,0.034,6,BUY,Limited technical data available.,2026-01-22 20:53:08
283,HUSI,2026-01-23,,0,-0.049,6,BUY,Limited technical data available.,2026-01-22 20:53:08
284,HWQS,2026-01-23,,0,-0.005,6,BUY,Limited technical data available.,2026-01-22 20:53:08
285,IBFL,2026-01-23,,0,-0.004,6,BUY,Limited technical data available.,2026-01-22 20:53:08
286,IBLHL,2026-01-23,,0,0.013,6,BUY,Limited technical data available.,2026-01-22 20:53:08
287,ICCI,2026-01-23,,0,-0.004,6,BUY,Limited technical data available.,2026-01-22 20:53:08
288,ICIBL,2026-01-23,,0,0.001,6,BUY,Limited technical data available.,2026-01-22 20:53:08
289,ICL,2026-01-23,,0,0.069,6,BUY,Limited technical data available.,2026-01-22 20:53:08
290,IDRT,2026-01-23,,0,0.016,6,BUY,Limited technical data available.,2026-01-22 20:53:08
291,IDSM,2026-01-23,,0,-0.027,6,BUY,Limited technical data available.,2026-01-22 20:53:08
292,IDYM,2026-01-23,,0,0.0,6,BUY,Limited technical data available.,2026-01-22 20:53:08
293,IGIHL,2026-01-23,,0,0.055,6,BUY,Limited technical data available.,2026-01-22 20:53:08
294,IGIL,2026-01-23,,0,0.092,6,BUY,Limited technical data available.,2026-01-22 20:53:08
295,ILP,2026-01-23,,0,0.081,6,BUY,Limited technical data available.,2026-01-22 20:53:08
296,IMAGE,2026-01-23,,0,0.024,6,BUY,Limited technical data available.,2026-01-22 20:53:08
297,IML,2026-01-23,,0,0.0,6,BUY,Limited technical data available.,2026-01-22 20:53:08
298,IMS,2026-01-23,,0,-0.01,6,BUY,Limited technical data available.,2026-01-22 20:53:08
299,INDU,2026-01-23,,0,0.21,7,BUY,Limited technical data available.,2026-01-22 20:53:08
300,INIL,2026-01-23,,0,0.095,6,BUY,Limited technical data available.,2026-01-22 20:53:08
301,INKL,2026-01-23,,0,0.026,6,BUY,Limited technical data available.,2026-01-22 20:53:08
302,INMF,2026-01-23,,0,-0.226,5,BUY,Limited technical data available.,2026-01-22 20:53:08
303,IPAK,2026-01-23,,0,0.158,6,BUY,Limited technical data available.,2026-01-22 20:53:08
304,IREIT,2026-01-23,,0,0.0,6,BUY,Limited technical data available.,2026-01-22 20:53:08
305,ISIL,2026-01-23,,0,0.014,6,BUY,Limited technical data available.,2026-01-22 20:53:08
306,ISL,2026-01-23,,0,0.039,6,BUY,Limited technical data available.,2026-01-22 20:53:08
307,ITANZ,2026-01-23,,0,0.015,6,BUY,Limited technical data available.,2026-01-22 20:53:08
308,ITTEFAQ,2026-01-23,,0,0.007,6,BUY,Limited technical data available.,2026-01-22 20:53:08
309,JATM,2026-01-23,,0,0.004,6,BUY,Limited technical data available.,2026-01-22 20:53:08
310,JDMT,2026-01-23,,0,0.0,6,BUY,Limited technical data available.,2026-01-22 20:53:08
311,JDWS,2026-01-23,,0,0.065,6,BUY,Limited technical data available.,2026-01-22 20:53:08
312,JGICL,2026-01-23,,0,-0.013,6,BUY,Limited technical data available.,2026-01-22 20:53:08
313,JKSM,2026-01-23,,0,-0.007,6,BUY,Limited technical data available.,2026-01-22 20:53:08
314,JLICL,2026-01-23,,0,0.049,6,BUY,Limited technical data available.,2026-01-22 20:53:08
315,JSBL,2026-01-23,,0,0.071,6,BUY,Limited technical data available.,2026-01-22 20:53:08
316,JSCL,2026-01-23,,0,0.011,6,BUY,Limited technical data available.,2026-01-22 20:53:08
317,JSCLPSA,2026-01-23,,0,0.0,6,BUY,Limited technical data available.,2026-01-22 20:53:08
318,JSGBETF,2026-01-23,,0,0.0,6,BUY,Limited technical data available.,2026-01-22 20:53:08
319,JSGCL,2026-01-23,,0,0.017,6,BUY,Limited technical data available.,2026-01-22 20:53:08
320,JSIL,2026-01-23,,0,0.067,6,BUY,Limited technical data available.,2026-01-22 20:53:08
321,JSMFETF,2026-01-23,,0,0.211,7,BUY,Limited technical data available.,2026-01-22 20:53:08
322,JSML,2026-01-23,,0,0.004,6,BUY,Limited technical data available.,2026-01-22 20:53:08
323,JUBS,2026-01-23,,0,0.065,6,BUY,Limited technical data available.,2026-01-22 20:53:08
324,JVDC,2026-01-23,,0,0.029,6,BUY,Limited technical data available.,2026-01-22 20:53:08
325,JVDCPS,2026-01-23,,0,0.0,6,BUY,Limited technical data available.,2026-01-22 20:53:08
326,KAKL,2026-01-23,,0,0.0,6,BUY,Limited technical data available.,2026-01-22 20:53:08
327,KAPCO,2026-01-23,,0,-0.011,6,BUY,Limited technical data available.,2026-01-22 20:53:08
328,KCL,2026-01-23,,0,0.028,6,BUY,Limited technical data available.,2026-01-22 20:53:08
329,KEL,2026-01-23,,0,-0.115,6,BUY,Limited technical data available.,2026-01-22 20:53:08
330,KHTC,2026-01-23,,0,0.09,6,BUY,Limited technical data available.,2026-01-22 20:53:08
331,KHYT,2026-01-23,,0,-0.009,6,BUY,Limited technical data available.,2026-01-22 20:53:08
332,KML,2026-01-23,,0,0.025,6,BUY,Limited technical data available.,2026-01-22 20:53:08
333,KOHC,2026-01-23,,0,0.05,6,BUY,Limited technical data available.,2026-01-22 20:53:08
334,KOHE,2026-01-23,,0,0.003,6,BUY,Limited technical data available.,2026-01-22 20:53:09
335,KOHP,2026-01-23,,0,-0.025,6,BUY,Limited technical data available.,2026-01-22 20:53:09
336,KOHTM,2026-01-23,,0,0.019,6,BUY,Limited technical data available.,2026-01-22 20:53:09
337,KOIL,2026-01-23,,0,0.063,6,BUY,Limited technical data available.,2026-01-22 20:53:09
338,KOSM,2026-01-23,,0,0.032,6,BUY,Limited technical data available.,2026-01-22 20:53:09
339,KPUS,2026-01-23,,0,0.041,6,BUY,Limited technical data available.,2026-01-22 20:53:09
340,KSBP,2026-01-23,,0,-0.012,6,BUY,Limited technical data available.,2026-01-22 20:53:09
341,KSTM,2026-01-23,,0,0.078,6,BUY,Limited technical data available.,2026-01-22 20:53:09
342,KTML,2026-01-23,,0,0.121,6,BUY,Limited technical data available.,2026-01-22 20:53:09
343,LCI,2026-01-23,,0,0.059,6,BUY,Limited technical data available.,2026-01-22 20:53:09
344,LEUL,2026-01-23,,0,-0.063,6,BUY,Limited technical data available.,2026-01-22 20:53:09
345,LIVEN,2026-01-23,,0,0.006,6,BUY,Limited technical data available.,2026-01-22 20:53:09
346,LOADS,2026-01-23,,0,0.01,6,BUY,Limited technical data available.,2026-01-22 20:53:09
347,LOTCHEM,2026-01-23,,0,0.035,6,BUY,Limited technical data available.,2026-01-22 20:53:09
348,LPGL,2026-01-23,,0,0.003,6,BUY,Limited technical data available.,2026-01-22 20:53:09
349,LPL,2026-01-23,,0,0.05,6,BUY,Limited technical data available.,2026-01-22 20:53:09
350,LSECL,2026-01-23,,0,0.01,6,BUY,Limited technical data available.,2026-01-22 20:53:09
351,LSEFSL,2026-01-23,,0,0.048,6,BUY,Limited technical data available.,2026-01-22 20:53:09
352,LSEVL,2026-01-23,,0,0.029,6,BUY,Limited technical data available.,2026-01-22 20:53:09
353,LSEVLR,2026-01-23,,0,0.0,6,BUY,Limited technical data available.,2026-01-22 20:53:09
355,MACFL,2026-01-23,,0,0.104,6,BUY,Limited technical data available.,2026-01-22 20:53:09
356,MACTER,2026-01-23,,0,-0.005,6,BUY,Limited technical data available.,2026-01-22 20:53:09
359,MCBIM,2026-01-23,,0,0.177,6,BUY,Limited technical data available.,2026-01-22 20:53:09
360,MDTL,2026-01-23,,0,0.002,6,BUY,Limited technical data available.,2026-01-22 20:53:09
361,MEBL,2026-01-23,,0,0.052,6,BUY,Limited technical data available.,2026-01-22 20:53:09
362,MEHT,2026-01-23,,0,0.003,6,BUY,Limited technical data available.,2026-01-22 20:53:09
363,MERIT,2026-01-23,,0,0.009,6,BUY,Limited technical data available.,2026-01-22 20:53:09
364,MFFL,2026-01-23,,0,-0.011,6,BUY,Limited technical data available.,2026-01-22 20:53:09
365,MFL,2026-01-23,,0,-0.036,6,BUY,Limited technical data available.,2026-01-22 20:53:09
366,MFTM,2026-01-23,,0,0.0,6,BUY,Limited technical data available.,2026-01-22 20:53:09
367,MIIETF,2026-01-23,,0,0.0,6,BUY,Limited technical data available.,2026-01-22 20:53:09
368,MIRKS,2026-01-23,,0,0.014,6,BUY,Limited technical data available.,2026-01-22 20:53:09
369,MLCF,2026-01-23,,0,0.034,6,BUY,Limited technical data available.,2026-01-22 20:53:09
370,MOHE,2026-01-23,,0,0.0,6,BUY,Limited technical data available.,2026-01-22 20:53:09
371,MQTM,2026-01-23,,0,0.0,6,BUY,Limited technical data available.,2026-01-22 20:53:09
372,MRNS,2026-01-23,,0,0.125,6,BUY,Limited technical data available.,2026-01-22 20:53:09
373,MSCL,2026-01-23,,0,0.011,6,BUY,Limited technical data available.,2026-01-22 20:53:09
374,MSOT,2026-01-23,,0,0.002,6,BUY,Limited technical data available.,2026-01-22 20:53:09
375,MSOTPS,2026-01-23,,0,0.0,6,BUY,Limited technical data available.,2026-01-22 20:53:09
377,MUBT,2026-01-23,,0,0.042,6,BUY,Limited technical data available.,2026-01-22 20:53:09
378,MUGHAL,2026-01-23,,0,0.049,6,BUY,Limited technical data available.,2026-01-22 20:53:09
379,MUGHALC,2026-01-23,,0,0.095,6,BUY,Limited technical data available.,2026-01-22 20:53:09
380,MUREB,2026-01-23,,0,0.051,6,BUY,Limited technical data available.,2026-01-22 20:53:09
381,MWMP,2026-01-23,,0,0.141,6,BUY,Limited technical data available.,2026-01-22 20:53:09
382,MZNPETF,2026-01-23,,0,-0.017,6,BUY,Limited technical data available.,2026-01-22 20:53:09
383,NAFL,2026-01-23,,0,0.0,6,BUY,Limited technical data available.,2026-01-22 20:53:09
384,NAGC,2026-01-23,,0,0.005,6,BUY,Limited technical data available.,2026-01-22 20:53:09
385,NATF,2026-01-23,,0,0.068,6,BUY,Limited technical data available.,2026-01-22 20:53:09
386,NATM,2026-01-23,,0,0.078,6,BUY,Limited technical data available.,2026-01-22 20:53:09
387,NBP,2026-01-23,,0,0.024,6,BUY,Limited technical data available.,2026-01-22 20:53:09
388,NBPGETF,2026-01-23,,0,0.682,9,STRONG BUY,Limited technical data available.,2026-01-22 20:53:09
389,NCL,2026-01-23,,0,0.116,6,BUY,Limited technical data available.,2026-01-22 20:53:09
390,NCML,2026-01-23,,0,0.039,6,BUY,Limited technical data available.,2026-01-22 20:53:09
391,NCPL,2026-01-23,,0,-0.002,6,BUY,Limited technical data available.,2026-01-22 20:53:09
393,NETSOL,2026-01-23,,0,0.072,6,BUY,Limited technical data available.,2026-01-22 20:53:09
394,NEXT,2026-01-23,,0,0.02,6,BUY,Limited technical data available.,2026-01-22 20:53:09
395,NICL,2026-01-23,,0,0.036,6,BUY,Limited technical data available.,2026-01-22 20:53:09
396,NINA,2026-01-23,,0,0.008,6,BUY,Limited technical data available.,2026-01-22 20:53:09
397,NITGETF,2026-01-23,,0,0.0,6,BUY,Limited technical data available.,2026-01-22 20:53:09
398,NMFL,2026-01-23,,0,-0.226,5,BUY,Limited technical data available.,2026-01-22 20:53:09
399,NML,2026-01-23,,0,0.002,6,BUY,Limited technical data available.,2026-01-22 20:53:09
400,NONS,2026-01-23,,0,0.034,6,BUY,Limited technical data available.,2026-01-22 20:53:09
401,NPL,2026-01-23,,0,-0.002,6,BUY,Limited technical data available.,2026-01-22 20:53:09
402,NRL,2026-01-23,,0,0.01,6,BUY,Limited technical data available.,2026-01-22 20:53:09
403,NRSL,2026-01-23,,0,0.007,6,BUY,Limited technical data available.,2026-01-22 20:53:09
404,NSRM,2026-01-23,,0,0.006,6,BUY,Limited technical data available.,2026-01-22 20:53:09
405,OBOY,2026-01-23,,0,0.008,6,BUY,Limited technical data available.,2026-01-22 20:53:09
406,OCTOPUS,2026-01-23,,0,0.0,6,BUY,Limited technical data available.,2026-01-22 20:53:09
408,OLPL,2026-01-23,,0,0.129,6,BUY,Limited technical data available.,2026-01-22 20:53:09
409,OLPM,2026-01-23,,0,0.168,6,BUY,Limited technical data available.,2026-01-22 20:53:09
410,OML,2026-01-23,,0,-0.003,6,BUY,Limited technical data available.,2026-01-22 20:53:09
411,ORM,2026-01-23,,0,0.015,6,BUY,Limited technical data available.,2026-01-22 20:53:09
412,OTSU,2026-01-23,,0,-0.017,6,BUY,Limited technical data available.,2026-01-22 20:53:09
413,PABC,2026-01-23,,0,0.002,6,BUY,Limited technical data available.,2026-01-22 20:53:09
414,PACE,2026-01-23,,0,0.014,6,BUY,Limited technical data available.,2026-01-22 20:53:09
415,PAEL,2026-01-23,,0,0.002,6,BUY,Limited technical data available.,2026-01-22 20:53:09
416,PAKD,2026-01-23,,0,0.092,6,BUY,Limited technical data available.,2026-01-22 20:53:10
417,PAKL,2026-01-23,,0,0.022,6,BUY,Limited technical data available.,2026-01-22 20:53:10
418,PAKOXY,2026-01-23,,0,0.021,6,BUY,Limited technical data available.,2026-01-22 20:53:10
419,PAKQATAR,2026-01-23,,0,0.0,6,BUY,Limited technical data available.,2026-01-22 20:53:10
420,PAKRI,2026-01-23,,0,0.074,6,BUY,Limited technical data available.,2026-01-22 20:53:10
421,PAKT,2026-01-23,,0,0.083,6,BUY,Limited technical data available.,2026-01-22 20:53:10
422,PASL,2026-01-23,,0,0.014,6,BUY,Limited technical data available.,2026-01-22 20:53:10
423,PASM,2026-01-23,,0,0.055,6,BUY,Limited technical data available.,2026-01-22 20:53:10
424,PCAL,2026-01-23,,0,0.03,6,BUY,Limited technical data available.,2026-01-22 20:53:10
425,PECO,2026-01-23,,0,-0.05,6,BUY,Limited technical data available.,2026-01-22 20:53:10
426,PGLC,2026-01-23,,0,0.087,6,BUY,Limited technical data available.,2026-01-22 20:53:10
427,PHDL,2026-01-23,,0,0.011,6,BUY,Limited technical data available.,2026-01-22 20:53:10
428,PIAHCLA,2026-01-23,,0,-0.051,6,BUY,Limited technical data available.,2026-01-22 20:53:10
429,PIAHCLB,2026-01-23,,0,0.0,6,BUY,Limited technical data available.,2026-01-22 20:53:10
430,PIBTL,2026-01-23,,0,-0.036,6,BUY,Limited technical data available.,2026-01-22 20:53:10
431,PICL,2026-01-23,,0,0.0,6,BUY,Limited technical data available.,2026-01-22 20:53:10
432,PICT,2026-01-23,,0,-0.013,6,BUY,Limited technical data available.,2026-01-22 20:53:10
433,PIL,2026-01-23,,0,0.019,6,BUY,Limited technical data available.,2026-01-22 20:53:10
434,PIM,2026-01-23,,0,0.049,6,BUY,Limited technical data available.,2026-01-22 20:53:10
435,PINL,2026-01-23,,0,0.0,6,BUY,Limited technical data available.,2026-01-22 20:53:10
436,PIOC,2026-01-23,,0,-0.01,6,BUY,Limited technical data available.,2026-01-22 20:53:10
437,PKGI,2026-01-23,,0,0.006,6,BUY,Limited technical data available.,2026-01-22 20:53:10
438,PKGP,2026-01-23,,0,0.011,6,BUY,Limited technical data available.,2026-01-22 20:53:10
439,PKGS,2026-01-23,,0,0.067,6,BUY,Limited technical data available.,2026-01-22 20:53:10
440,PMRS,2026-01-23,,0,0.024,6,BUY,Limited technical data available.,2026-01-22 20:53:10
441,PNSC,2026-01-23,,0,0.061,6,BUY,Limited technical data available.,2026-01-22 20:53:10
442,POL,2026-01-23,,0,0.062,6,BUY,Limited technical data available.,2026-01-22 20:53:10
443,POML,2026-01-23,,0,0.0,6,BUY,Limited technical data available.,2026-01-22 20:53:10
444,POWER,2026-01-23,,0,0.003,6,BUY,Limited technical data available.,2026-01-22 20:53:10
445,POWERPS,2026-01-23,,0,0.0,6,BUY,Limited technical data available.,2026-01-22 20:53:10
447,PPP,2026-01-23,,0,0.043,6,BUY,Limited technical data available.,2026-01-22 20:53:10
448,PPVC,2026-01-23,,0,0.006,6,BUY,Limited technical data available.,2026-01-22 20:53:10
449,PREMA,2026-01-23,,0,0.0,6,BUY,Limited technical data available.,2026-01-22 20:53:10
450,PRET,2026-01-23,,0,-0.02,6,BUY,Limited technical data available.,2026-01-22 20:53:10
451,PRIB,2026-01-23,,0,0.0,6,BUY,Limited technical data available.,2026-01-22 20:53:10
452,PRIC,2026-01-23,,0,0.024,6,BUY,Limited technical data available.,2026-01-22 20:53:10
453,PRL,2026-01-23,,0,0.0,6,BUY,Limited technical data available.,2026-01-22 20:53:10
454,PRWM,2026-01-23,,0,0.006,6,BUY,Limited technical data available.,2026-01-22 20:53:10
455,PSEL,2026-01-23,,0,0.054,6,BUY,Limited technical data available.,2026-01-22 20:53:10
457,PSX,2026-01-23,,0,-0.05,6,BUY,Limited technical data available.,2026-01-22 20:53:10
458,PSYL,2026-01-23,,0,0.049,6,BUY,Limited technical data available.,2026-01-22 20:53:10
459,PTC,2026-01-23,,0,0.0,6,BUY,Limited technical data available.,2026-01-22 20:53:10
460,PTL,2026-01-23,,0,0.002,6,BUY,Limited technical data available.,2026-01-22 20:53:10
461,PUDF,2026-01-23,,0,-0.226,5,BUY,Limited technical data available.,2026-01-22 20:53:10
462,QTECH,2026-01-23,,0,0.0,6,BUY,Limited technical data available.,2026-01-22 20:53:10
463,QUET,2026-01-23,,0,-0.005,6,BUY,Limited technical data available.,2026-01-22 20:53:10
464,QUICE,2026-01-23,,0,0.008,6,BUY,Limited technical data available.,2026-01-22 20:53:10
465,RCML,2026-01-23,,0,0.067,6,BUY,Limited technical data available.,2026-01-22 20:53:10
466,REDCO,2026-01-23,,0,0.067,6,BUY,Limited technical data available.,2026-01-22 20:53:10
467,REGAL,2026-01-23,,0,0.0,6,BUY,Limited technical data available.,2026-01-22 20:53:10
468,REWM,2026-01-23,,0,0.01,6,BUY,Limited technical data available.,2026-01-22 20:53:10
469,RICL,2026-01-23,,0,0.007,6,BUY,Limited technical data available.,2026-01-22 20:53:10
470,RMPL,2026-01-23,,0,0.033,6,BUY,Limited technical data available.,2026-01-22 20:53:10
471,RPL,2026-01-23,,0,0.007,6,BUY,Limited technical data available.,2026-01-22 20:53:10
472,RUBY,2026-01-23,,0,0.077,6,BUY,Limited technical data available.,2026-01-22 20:53:10
473,RUPL,2026-01-23,,0,0.024,6,BUY,Limited technical data available.,2026-01-22 20:53:10
474,SAIF,2026-01-23,,0,0.047,6,BUY,Limited technical data available.,2026-01-22 20:53:10
475,SANE,2026-01-23,,0,0.07,6,BUY,Limited technical data available.,2026-01-22 20:53:10
476,SANSM,2026-01-23,,0,0.007,6,BUY,Limited technical data available.,2026-01-22 20:53:10
477,SAPT,2026-01-23,,0,0.002,6,BUY,Limited technical data available.,2026-01-22 20:53:10
478,SARC,2026-01-23,,0,0.015,6,BUY,Limited technical data available.,2026-01-22 20:53:10
479,SASML,2026-01-23,,0,0.02,6,BUY,Limited technical data available.,2026-01-22 20:53:10
481,SBL,2026-01-23,,0,0.042,6,BUY,Limited technical data available.,2026-01-22 20:53:10
482,SCBPL,2026-01-23,,0,0.007,6,BUY,Limited technical data available.,2026-01-22 20:53:10
483,SCHT,2026-01-23,,0,-0.226,5,BUY,Limited technical data available.,2026-01-22 20:53:10
484,SCL,2026-01-23,,0,-0.016,6,BUY,Limited technical data available.,2026-01-22 20:53:10
485,SDOT,2026-01-23,,0,0.0,6,BUY,Limited technical data available.,2026-01-22 20:53:10
486,SEARL,2026-01-23,,0,0.003,6,BUY,Limited technical data available.,2026-01-22 20:53:10
487,SEL,2026-01-23,,0,0.097,6,BUY,Limited technical data available.,2026-01-22 20:53:10
488,SEPL,2026-01-23,,0,0.077,6,BUY,Limited technical data available.,2026-01-22 20:53:10
489,SERT,2026-01-23,,0,0.042,6,BUY,Limited technical data available.,2026-01-22 20:53:10
490,SFAT,2026-01-23,,0,0.0,6,BUY,Limited technical data available.,2026-01-22 20:53:10
491,SFL,2026-01-23,,0,0.077,6,BUY,Limited technical data available.,2026-01-22 20:53:10
492,SGABL,2026-01-23,,0,0.0,6,BUY,Limited technical data available.,2026-01-22 20:53:10
493,SGF,2026-01-23,,0,0.035,6,BUY,Limited technical data available.,2026-01-22 20:53:10
494,SGPL,2026-01-23,,0,0.042,6,BUY,Limited technical data available.,2026-01-22 20:53:10
495,SHCI,2026-01-23,,0,-0.012,6,BUY,Limited technical data available.,2026-01-22 20:53:11
496,SHCM,2026-01-23,,0,0.004,6,BUY,Limited technical data available.,2026-01-22 20:53:11
497,SHDT,2026-01-23,,0,0.02,6,BUY,Limited technical data available.,2026-01-22 20:53:11
498,SHEZ,2026-01-23,,0,0.081,6,BUY,Limited technical data available.,2026-01-22 20:53:11
499,SHFA,2026-01-23,,0,0.037,6,BUY,Limited technical data available.,2026-01-22 20:53:11
500,SHJS,2026-01-23,,0,0.014,6,BUY,Limited technical data available.,2026-01-22 20:53:11
501,SHNI,2026-01-23,,0,0.122,6,BUY,Limited technical data available.,2026-01-22 20:53:11
502,SHSML,2026-01-23,,0,0.127,6,BUY,Limited technical data available.,2026-01-22 20:53:11
503,SIBL,2026-01-23,,0,0.037,6,BUY,Limited technical data available.,2026-01-22 20:53:11
504,SIEM,2026-01-23,,0,-0.018,6,BUY,Limited technical data available.,2026-01-22 20:53:11
505,SINDM,2026-01-23,,0,0.023,6,BUY,Limited technical data available.,2026-01-22 20:53:11
506,SITC,2026-01-23,,0,0.01,6,BUY,Limited technical data available.,2026-01-22 20:53:11
507,SKRS,2026-01-23,,0,0.011,6,BUY,Limited technical data available.,2026-01-22 20:53:11
508,SLCL,2026-01-23,,0,0.035,6,BUY,Limited technical data available.,2026-01-22 20:53:11
509,SLCPA,2026-01-23,,0,0.0,6,BUY,Limited technical data available.,2026-01-22 20:53:11
510,SLGL,2026-01-23,,0,0.048,6,BUY,Limited technical data available.,2026-01-22 20:53:11
511,SLL,2026-01-23,,0,-0.062,6,BUY,Limited technical data available.,2026-01-22 20:53:11
512,SLYT,2026-01-23,,0,0.02,6,BUY,Limited technical data available.,2026-01-22 20:53:11
513,SMCPL,2026-01-23,,0,0.066,6,BUY,Limited technical data available.,2026-01-22 20:53:11
514,SML,2026-01-23,,0,0.067,6,BUY,Limited technical data available.,2026-01-22 20:53:11
515,SNAI,2026-01-23,,0,0.0,6,BUY,Limited technical data available.,2026-01-22 20:53:11
516,SNBL,2026-01-23,,0,-0.016,6,BUY,Limited technical data available.,2026-01-22 20:53:11
517,SNGP,2026-01-23,,0,0.021,6,BUY,Limited technical data available.,2026-01-22 20:53:11
518,SPCL,2026-01-23,,0,0.088,6,BUY,Limited technical data available.,2026-01-22 20:53:11
519,SPEL,2026-01-23,,0,0.036,6,BUY,Limited technical data available.,2026-01-22 20:53:11
520,SPL,2026-01-23,,0,0.066,6,BUY,Limited technical data available.,2026-01-22 20:53:11
521,SPWL,2026-01-23,,0,0.021,6,BUY,Limited technical data available.,2026-01-22 20:53:11
522,SRVI,2026-01-23,,0,0.075,6,BUY,Limited technical data available.,2026-01-22 20:53:11
523,SSGC,2026-01-23,,0,-0.02,6,BUY,Limited technical data available.,2026-01-22 20:53:11
524,SSIC,2026-01-23,,0,-0.01,6,BUY,Limited technical data available.,2026-01-22 20:53:11
525,SSML,2026-01-23,,0,0.026,6,BUY,Limited technical data available.,2026-01-22 20:53:11
526,SSOM,2026-01-23,,0,0.026,6,BUY,Limited technical data available.,2026-01-22 20:53:11
527,STCL,2026-01-23,,0,0.061,6,BUY,Limited technical data available.,2026-01-22 20:53:11
528,STJT,2026-01-23,,0,0.055,6,BUY,Limited technical data available.,2026-01-22 20:53:11
529,STL,2026-01-23,,0,0.006,6,BUY,Limited technical data available.,2026-01-22 20:53:11
530,STML,2026-01-23,,0,0.037,6,BUY,Limited technical data available.,2026-01-22 20:53:11
531,STPL,2026-01-23,,0,0.025,6,BUY,Limited technical data available.,2026-01-22 20:53:11
532,STYLERS,2026-01-23,,0,0.037,6,BUY,Limited technical data available.,2026-01-22 20:53:11
533,SUHJ,2026-01-23,,0,0.084,6,BUY,Limited technical data available.,2026-01-22 20:53:11
534,SURAJ,2026-01-23,,0,0.0,6,BUY,Limited technical data available.,2026-01-22 20:53:11
535,SURC,2026-01-23,,0,0.01,6,BUY,Limited technical data available.,2026-01-22 20:53:11
536,SUTM,2026-01-23,,0,0.01,6,BUY,Limited technical data available.,2026-01-22 20:53:11
537,SWL,2026-01-23,,0,-0.014,6,BUY,Limited technical data available.,2026-01-22 20:53:11
538,SYM,2026-01-23,,0,0.071,6,BUY,Limited technical data available.,2026-01-22 20:53:11
539,SYS,2026-01-23,,0,0.039,6,BUY,Limited technical data available.,2026-01-22 20:53:11
540,SZTM,2026-01-23,,0,0.024,6,BUY,Limited technical data available.,2026-01-22 20:53:11
541,TAJT,2026-01-23,,0,0.0,6,BUY,Limited technical data available.,2026-01-22 20:53:11
542,TATM,2026-01-23,,0,0.035,6,BUY,Limited technical data available.,2026-01-22 20:53:11
543,TBL,2026-01-23,,0,0.02,6,BUY,Limited technical data available.,2026-01-22 20:53:11
544,TCORP,2026-01-23,,0,0.011,6,BUY,Limited technical data available.,2026-01-22 20:53:11
545,TCORPCPS,2026-01-23,,0,0.0,6,BUY,Limited technical data available.,2026-01-22 20:53:11
546,TELE,2026-01-23,,0,0.131,6,BUY,Limited technical data available.,2026-01-22 20:53:11
547,TGL,2026-01-23,,0,0.127,6,BUY,Limited technical data available.,2026-01-22 20:53:11
548,THALL,2026-01-23,,0,0.062,6,BUY,Limited technical data available.,2026-01-22 20:53:11
549,THCCL,2026-01-23,,0,-0.007,6,BUY,Limited technical data available.,2026-01-22 20:53:11
550,TICL,2026-01-23,,0,0.024,6,BUY,Limited technical data available.,2026-01-22 20:53:11
551,TOMCL,2026-01-23,,0,0.106,6,BUY,Limited technical data available.,2026-01-22 20:53:11
552,TOWL,2026-01-23,,0,0.001,6,BUY,Limited technical data available.,2026-01-22 20:53:11
553,TPL,2026-01-23,,0,-0.016,6,BUY,Limited technical data available.,2026-01-22 20:53:11
554,TPLI,2026-01-23,,0,0.034,6,BUY,Limited technical data available.,2026-01-22 20:53:11
555,TPLL,2026-01-23,,0,0.0,6,BUY,Limited technical data available.,2026-01-22 20:53:11
556,TPLP,2026-01-23,,0,0.07,6,BUY,Limited technical data available.,2026-01-22 20:53:11
557,TPLRF1,2026-01-23,,0,0.064,6,BUY,Limited technical data available.,2026-01-22 20:53:11
558,TPLT,2026-01-23,,0,0.104,6,BUY,Limited technical data available.,2026-01-22 20:53:11
559,TREET,2026-01-23,,0,-0.032,6,BUY,Limited technical data available.,2026-01-22 20:53:11
560,TRG,2026-01-23,,0,-0.028,6,BUY,Limited technical data available.,2026-01-22 20:53:11
561,TRIBL,2026-01-23,,0,0.0,6,BUY,Limited technical data available.,2026-01-22 20:53:11
562,TRIPF,2026-01-23,,0,0.06,6,BUY,Limited technical data available.,2026-01-22 20:53:11
563,TRSM,2026-01-23,,0,0.044,6,BUY,Limited technical data available.,2026-01-22 20:53:11
564,TSBL,2026-01-23,,0,0.083,6,BUY,Limited technical data available.,2026-01-22 20:53:11
565,TSMF,2026-01-23,,0,0.0,6,BUY,Limited technical data available.,2026-01-22 20:53:11
566,TSML,2026-01-23,,0,0.053,6,BUY,Limited technical data available.,2026-01-22 20:53:11
567,TSPL,2026-01-23,,0,0.026,6,BUY,Limited technical data available.,2026-01-22 20:53:11
568,UBDL,2026-01-23,,0,0.016,6,BUY,Limited technical data available.,2026-01-22 20:53:11
570,UBLPETF,2026-01-23,,0,0.0,6,BUY,Limited technical data available.,2026-01-22 20:53:12
571,UCAPM,2026-01-23,,0,0.0,6,BUY,Limited technical data available.,2026-01-22 20:53:12
572,UDLI,2026-01-23,,0,0.097,6,BUY,Limited technical data available.,2026-01-22 20:53:12
573,UDPL,2026-01-23,,0,0.046,6,BUY,Limited technical data available.,2026-01-22 20:53:12
574,UNIC,2026-01-23,,0,0.077,6,BUY,Limited technical data available.,2026-01-22 20:53:12
575,UNITY,2026-01-23,,0,-0.011,6,BUY,Limited technical data available.,2026-01-22 20:53:12
576,UPFL,2026-01-23,,0,0.057,6,BUY,Limited technical data available.,2026-01-22 20:53:12
577,USMT,2026-01-23,,0,-0.151,6,BUY,Limited technical data available.,2026-01-22 20:53:12
578,UVIC,2026-01-23,,0,0.022,6,BUY,Limited technical data available.,2026-01-22 20:53:12
579,WAFI,2026-01-23,,0,0.135,6,BUY,Limited technical data available.,2026-01-22 20:53:12
580,WAHN,2026-01-23,,0,0.011,6,BUY,Limited technical data available.,2026-01-22 20:53:12
581,WASL,2026-01-23,,0,0.078,6,BUY,Limited technical data available.,2026-01-22 20:53:12
582,WAVES,2026-01-23,,0,0.058,6,BUY,Limited technical data available.,2026-01-22 20:53:12
583,WAVESAPP,2026-01-23,,0,0.055,6,BUY,Limited technical data available.,2026-01-22 20:53:12
584,WTL,2026-01-23,,0,-0.015,6,BUY,Limited technical data available.,2026-01-22 20:53:12
585,YOUW,2026-01-23,,0,0.019,6,BUY,Limited technical data available.,2026-01-22 20:53:12
586,ZAHID,2026-01-23,,0,0.017,6,BUY,Limited technical data available.,2026-01-22 20:53:12
587,ZAL,2026-01-23,,0,0.117,6,BUY,Limited technical data available.,2026-01-22 20:53:12
588,ZELP,2026-01-23,,0,0.0,6,BUY,Limited technical data available.,2026-01-22 20:53:12
589,ZIL,2026-01-23,,0,-0.025,6,BUY,Limited technical data available.,2026-01-22 20:53:12
590,ZTL,2026-01-23,,0,-0.007,6,BUY,Limited technical data available.,2026-01-22 20:53:12
591,ZUMA,2026-01-23,,0,0.066,6,BUY,Limited technical data available.,2026-01-22 20:53:12
