Date,Time,Symbol,Company,Severity,Current_Price,Change_%,RSI,Volume_Ratio,Risk_Flags,Action_Required
2026-02-03,15:09,786,786,High,0,0,50,33244.0,Abnormal volume spike (3x avg),Review immediately
2026-02-03,15:09,786R,786R,High,0,0,50,198112.0,Abnormal volume spike (3x avg),Review immediately
2026-02-03,15:09,AABS,AABS,High,0,0,50,61.0,Abnormal volume spike (3x avg),Review immediately
2026-02-03,15:09,AASM,AASM,High,0,0,50,14500.0,Abnormal volume spike (3x avg),Review immediately
2026-02-03,15:09,AATM,AATM,High,0,0,50,1168.0,Abnormal volume spike (3x avg),Review immediately
2026-02-03,15:09,ABL,ABL,High,0,0,50,55241.0,Abnormal volume spike (3x avg),Review immediately
2026-02-03,15:09,ABOT,ABOT,High,0,0,50,1768.0,Abnormal volume spike (3x avg),Review immediately
2026-02-03,15:09,ACIETF,ACIETF,High,0,0,50,8000.0,Abnormal volume spike (3x avg),Review immediately
2026-02-03,15:09,ACPL,ACPL,High,0,0,50,174112.0,Abnormal volume spike (3x avg),Review immediately
2026-02-03,15:09,ADAMS,ADAMS,High,0,0,50,730.0,Abnormal volume spike (3x avg),Review immediately
2026-02-03,15:09,ADMM,ADMM,High,0,0,50,153597.0,Abnormal volume spike (3x avg),Review immediately
2026-02-03,15:09,AGHA,AGHA,High,0,0,50,2509086.0,Abnormal volume spike (3x avg),Review immediately
2026-02-03,15:09,AGIC,AGIC,High,0,0,50,3074.0,Abnormal volume spike (3x avg),Review immediately
2026-02-03,15:09,AGICR2,AGICR2,High,0,0,50,350180.0,Abnormal volume spike (3x avg),Review immediately
2026-02-03,15:09,AGIL,AGIL,High,0,0,50,34130.0,Abnormal volume spike (3x avg),Review immediately
2026-02-03,15:09,AGL,AGL,High,0,0,50,348365.0,Abnormal volume spike (3x avg),Review immediately
2026-02-03,15:09,AGLNCPS,AGLNCPS,High,0,0,50,406.0,Abnormal volume spike (3x avg),Review immediately
2026-02-03,15:09,AGP,AGP,High,0,0,50,68181.0,Abnormal volume spike (3x avg),Review immediately
2026-02-03,15:09,AGSML,AGSML,High,0,0,50,140278.0,Abnormal volume spike (3x avg),Review immediately
2026-02-03,15:09,AGTL,AGTL,High,0,0,50,34011.0,Abnormal volume spike (3x avg),Review immediately
2026-02-03,15:09,AHCL,AHCL,High,0,0,50,1470094.0,Abnormal volume spike (3x avg),Review immediately
2026-02-03,15:09,AHL,AHL,High,0,0,50,102015.0,Abnormal volume spike (3x avg),Review immediately
2026-02-03,15:09,AICL,AICL,High,0,0,50,220692.0,Abnormal volume spike (3x avg),Review immediately
2026-02-03,15:09,AIRLINK,AIRLINK,High,0,0,50,1102539.0,Abnormal volume spike (3x avg),Review immediately
2026-02-03,15:09,AKBL,AKBL,High,0,0,50,1133659.0,Abnormal volume spike (3x avg),Review immediately
2026-02-03,15:09,AKDHL,AKDHL,High,0,0,50,1044.0,Abnormal volume spike (3x avg),Review immediately
2026-02-03,15:09,AKDSL,AKDSL,High,0,0,50,1022840.0,Abnormal volume spike (3x avg),Review immediately
2026-02-03,15:09,AKGL,AKGL,High,0,0,50,1314.0,Abnormal volume spike (3x avg),Review immediately
2026-02-03,15:09,ALAC,ALAC,High,0,0,50,85683.0,Abnormal volume spike (3x avg),Review immediately
2026-02-03,15:09,ALIFE,ALIFE,High,0,0,50,2799.0,Abnormal volume spike (3x avg),Review immediately
2026-02-03,15:09,ALNRS,ALNRS,High,0,0,50,7725.0,Abnormal volume spike (3x avg),Review immediately
2026-02-03,15:09,ALTN,ALTN,High,0,0,50,295907.0,Abnormal volume spike (3x avg),Review immediately
2026-02-03,15:09,AMBL,AMBL,High,0,0,50,21095.0,Abnormal volume spike (3x avg),Review immediately
2026-02-03,15:09,AMTEX,AMTEX,High,0,0,50,172454.0,Abnormal volume spike (3x avg),Review immediately
2026-02-03,15:09,ANL,ANL,High,0,0,50,485118.0,Abnormal volume spike (3x avg),Review immediately
2026-02-03,15:09,ANSM,ANSM,High,0,0,50,15857.0,Abnormal volume spike (3x avg),Review immediately
2026-02-03,15:09,ANTM,ANTM,High,0,0,50,120.0,Abnormal volume spike (3x avg),Review immediately
2026-02-03,15:09,APL,APL,High,0,0,50,33855.0,Abnormal volume spike (3x avg),Review immediately
2026-02-03,15:09,ARCTM,ARCTM,High,0,0,50,1436.0,Abnormal volume spike (3x avg),Review immediately
2026-02-03,15:09,ARPAK,ARPAK,High,0,0,50,30.0,Abnormal volume spike (3x avg),Review immediately
2026-02-03,15:09,ARPL,ARPL,High,0,0,50,41871.0,Abnormal volume spike (3x avg),Review immediately
2026-02-03,15:09,ARUJ,ARUJ,High,0,0,50,24012.0,Abnormal volume spike (3x avg),Review immediately
2026-02-03,15:09,ASC,ASC,High,0,0,50,257566.0,Abnormal volume spike (3x avg),Review immediately
2026-02-03,15:09,ASHT,ASHT,High,0,0,50,1675.0,Abnormal volume spike (3x avg),Review immediately
2026-02-03,15:09,ASIC,ASIC,High,0,0,50,100.0,Abnormal volume spike (3x avg),Review immediately
2026-02-03,15:09,ASL,ASL,High,0,0,50,1718550.0,Abnormal volume spike (3x avg),Review immediately
2026-02-03,15:09,ASLCPS,ASLCPS,High,0,0,50,131.0,Abnormal volume spike (3x avg),Review immediately
2026-02-03,15:09,ASLPS,ASLPS,High,0,0,50,5.0,Abnormal volume spike (3x avg),Review immediately
2026-02-03,15:09,ASTL,ASTL,High,0,0,50,808339.0,Abnormal volume spike (3x avg),Review immediately
2026-02-03,15:09,ASTM,ASTM,High,0,0,50,12291.0,Abnormal volume spike (3x avg),Review immediately
2026-02-03,15:09,ATBA,ATBA,High,0,0,50,12453.0,Abnormal volume spike (3x avg),Review immediately
2026-02-03,15:09,ATIL,ATIL,High,0,0,50,2339.0,Abnormal volume spike (3x avg),Review immediately
2026-02-03,15:09,ATLH,ATLH,High,0,0,50,3887.0,Abnormal volume spike (3x avg),Review immediately
2026-02-03,15:09,ATRL,ATRL,High,0,0,50,832831.0,Abnormal volume spike (3x avg),Review immediately
2026-02-03,15:09,AVN,AVN,High,0,0,50,2621587.0,Abnormal volume spike (3x avg),Review immediately
2026-02-03,15:09,AWTX,AWTX,High,0,0,50,11.0,Abnormal volume spike (3x avg),Review immediately
2026-02-03,15:09,BAFL,BAFL,High,0,0,50,3259074.0,Abnormal volume spike (3x avg),Review immediately
2026-02-03,15:09,BAFS,BAFS,High,0,0,50,237.0,Abnormal volume spike (3x avg),Review immediately
2026-02-03,15:09,BAHL,BAHL,High,0,0,50,765202.0,Abnormal volume spike (3x avg),Review immediately
2026-02-03,15:09,BAPL,BAPL,High,0,0,50,14367.0,Abnormal volume spike (3x avg),Review immediately
2026-02-03,15:09,BATA,BATA,High,0,0,50,8452.0,Abnormal volume spike (3x avg),Review immediately
2026-02-03,15:09,BBFL,BBFL,High,0,0,50,623374.0,Abnormal volume spike (3x avg),Review immediately
2026-02-03,15:09,BCL,BCL,High,0,0,50,16233.0,Abnormal volume spike (3x avg),Review immediately
2026-02-03,15:09,BECO,BECO,High,0,0,50,6472792.0,Abnormal volume spike (3x avg),Review immediately
2026-02-03,15:09,BELA,BELA,High,0,0,50,2707.0,Abnormal volume spike (3x avg),Review immediately
2026-02-03,15:09,BERG,BERG,High,0,0,50,1356097.0,Abnormal volume spike (3x avg),Review immediately
2026-02-03,15:09,BFAGRO,BFAGRO,High,0,0,50,198756.0,Abnormal volume spike (3x avg),Review immediately
2026-02-03,15:09,BFBIO,BFBIO,High,0,0,50,144849.0,Abnormal volume spike (3x avg),Review immediately
2026-02-03,15:09,BFMOD,BFMOD,High,0,0,50,8825.0,Abnormal volume spike (3x avg),Review immediately
2026-02-03,15:09,BGL,BGL,High,0,0,50,659873.0,Abnormal volume spike (3x avg),Review immediately
2026-02-03,15:09,BHAT,BHAT,High,0,0,50,8.0,Abnormal volume spike (3x avg),Review immediately
2026-02-03,15:09,BIFO,BIFO,High,0,0,50,70580.0,Abnormal volume spike (3x avg),Review immediately
2026-02-03,15:09,BIPL,BIPL,High,0,0,50,481731.0,Abnormal volume spike (3x avg),Review immediately
2026-02-03,15:09,BLUEX,BLUEX,High,0,0,50,50497.0,Abnormal volume spike (3x avg),Review immediately
2026-02-03,15:09,BML,BML,High,0,0,50,4486775.0,Abnormal volume spike (3x avg),Review immediately
2026-02-03,15:09,BNL,BNL,High,0,0,50,1848322.0,Abnormal volume spike (3x avg),Review immediately
2026-02-03,15:09,BNWM,BNWM,High,0,0,50,1037.0,Abnormal volume spike (3x avg),Review immediately
2026-02-03,15:09,BOK,BOK,High,0,0,50,30324.0,Abnormal volume spike (3x avg),Review immediately
2026-02-03,15:09,BOP,BOP,High,0,0,50,71345519.0,Abnormal volume spike (3x avg),Review immediately
2026-02-03,15:09,BPL,BPL,High,0,0,50,690.0,Abnormal volume spike (3x avg),Review immediately
2026-02-03,15:09,BRRG,BRRG,High,0,0,50,3206.0,Abnormal volume spike (3x avg),Review immediately
2026-02-03,15:09,BTL,BTL,High,0,0,50,1323.0,Abnormal volume spike (3x avg),Review immediately
2026-02-03,15:09,BUXL,BUXL,High,0,0,50,8887.0,Abnormal volume spike (3x avg),Review immediately
2026-02-03,15:09,BWCL,BWCL,High,0,0,50,40841.0,Abnormal volume spike (3x avg),Review immediately
2026-02-03,15:09,BWHL,BWHL,High,0,0,50,58801.0,Abnormal volume spike (3x avg),Review immediately
2026-02-03,15:09,CASH,CASH,High,0,0,50,911.0,Abnormal volume spike (3x avg),Review immediately
2026-02-03,15:09,CCM,CCM,High,0,0,50,222.0,Abnormal volume spike (3x avg),Review immediately
2026-02-03,15:09,CENI,CENI,High,0,0,50,1857.0,Abnormal volume spike (3x avg),Review immediately
2026-02-03,15:09,CEPB,CEPB,High,0,0,50,865549.0,Abnormal volume spike (3x avg),Review immediately
2026-02-03,15:09,CFL,CFL,High,0,0,50,162.0,Abnormal volume spike (3x avg),Review immediately
2026-02-03,15:09,CHAS,CHAS,High,0,0,50,46556.0,Abnormal volume spike (3x avg),Review immediately
2026-02-03,15:09,CHBL,CHBL,High,0,0,50,430974.0,Abnormal volume spike (3x avg),Review immediately
2026-02-03,15:09,CHCC,CHCC,High,0,0,50,13068.0,Abnormal volume spike (3x avg),Review immediately
2026-02-03,15:09,CJPL,CJPL,High,0,0,50,70275.0,Abnormal volume spike (3x avg),Review immediately
2026-02-03,15:09,CLCPS,CLCPS,High,0,0,50,1385594.0,Abnormal volume spike (3x avg),Review immediately
2026-02-03,15:09,CLOV,CLOV,High,0,0,50,670089.0,Abnormal volume spike (3x avg),Review immediately
2026-02-03,15:09,CLVL,CLVL,High,0,0,50,8169.0,Abnormal volume spike (3x avg),Review immediately
2026-02-03,15:09,CNERGY,CNERGY,High,0,0,50,9776790.0,Abnormal volume spike (3x avg),Review immediately
2026-02-03,15:09,COLG,COLG,High,0,0,50,4692.0,Abnormal volume spike (3x avg),Review immediately
2026-02-03,15:09,CPHL,CPHL,High,0,0,50,1099930.0,Abnormal volume spike (3x avg),Review immediately
2026-02-03,15:09,CPPL,CPPL,High,0,0,50,43405.0,Abnormal volume spike (3x avg),Review immediately
2026-02-03,15:09,CRTM,CRTM,High,0,0,50,74632.0,Abnormal volume spike (3x avg),Review immediately
2026-02-03,15:09,CSAP,CSAP,High,0,0,50,460375.0,Abnormal volume spike (3x avg),Review immediately
2026-02-03,15:09,CSIL,CSIL,High,0,0,50,2874155.0,Abnormal volume spike (3x avg),Review immediately
2026-02-03,15:09,CSILR3,CSILR3,High,0,0,50,4463960.0,Abnormal volume spike (3x avg),Review immediately
2026-02-03,15:09,CTM,CTM,High,0,0,50,146154.0,Abnormal volume spike (3x avg),Review immediately
2026-02-03,15:09,CYAN,CYAN,High,0,0,50,18163.0,Abnormal volume spike (3x avg),Review immediately
2026-02-03,15:09,DAAG,DAAG,High,0,0,50,602.0,Abnormal volume spike (3x avg),Review immediately
2026-02-03,15:09,DADX,DADX,High,0,0,50,2433.0,Abnormal volume spike (3x avg),Review immediately
2026-02-03,15:09,DBCI,DBCI,High,0,0,50,181552.0,Abnormal volume spike (3x avg),Review immediately
2026-02-03,15:09,DCL,DCL,High,0,0,50,2040161.0,Abnormal volume spike (3x avg),Review immediately
2026-02-03,15:09,DCR,DCR,High,0,0,50,487565.0,Abnormal volume spike (3x avg),Review immediately
2026-02-03,15:09,DEL,DEL,High,0,0,50,31013.0,Abnormal volume spike (3x avg),Review immediately
2026-02-03,15:09,DFML,DFML,High,0,0,50,673123.0,Abnormal volume spike (3x avg),Review immediately
2026-02-03,15:09,DFSM,DFSM,High,0,0,50,585170.0,Abnormal volume spike (3x avg),Review immediately
2026-02-03,15:09,DGKC,DGKC,High,0,0,50,1566966.0,Abnormal volume spike (3x avg),Review immediately
2026-02-03,15:09,DHPL,DHPL,High,0,0,50,305416.0,Abnormal volume spike (3x avg),Review immediately
2026-02-03,15:09,DIIL,DIIL,High,0,0,50,1205.0,Abnormal volume spike (3x avg),Review immediately
2026-02-03,15:09,DINT,DINT,High,0,0,50,140.0,Abnormal volume spike (3x avg),Review immediately
2026-02-03,15:09,DKTM,DKTM,High,0,0,50,2000.0,Abnormal volume spike (3x avg),Review immediately
2026-02-03,15:09,DLL,DLL,High,0,0,50,1901.0,Abnormal volume spike (3x avg),Review immediately
2026-02-03,15:09,DMC,DMC,High,0,0,50,288.0,Abnormal volume spike (3x avg),Review immediately
2026-02-03,15:09,DMTM,DMTM,High,0,0,50,4459.0,Abnormal volume spike (3x avg),Review immediately
2026-02-03,15:09,DNCC,DNCC,High,0,0,50,81778.0,Abnormal volume spike (3x avg),Review immediately
2026-02-03,15:09,DOL,DOL,High,0,0,50,141066.0,Abnormal volume spike (3x avg),Review immediately
2026-02-03,15:09,DSFL,DSFL,High,0,0,50,4434000.0,Abnormal volume spike (3x avg),Review immediately
2026-02-03,15:09,DSIL,DSIL,High,0,0,50,244319.0,Abnormal volume spike (3x avg),Review immediately
2026-02-03,15:09,DSL,DSL,High,0,0,50,344169.0,Abnormal volume spike (3x avg),Review immediately
2026-02-03,15:09,DWAE,DWAE,High,0,0,50,4691.0,Abnormal volume spike (3x avg),Review immediately
2026-02-03,15:09,DWSM,DWSM,High,0,0,50,36107.0,Abnormal volume spike (3x avg),Review immediately
2026-02-03,15:09,DWTM,DWTM,High,0,0,50,7201.0,Abnormal volume spike (3x avg),Review immediately
2026-02-03,15:09,DYNO,DYNO,High,0,0,50,3019.0,Abnormal volume spike (3x avg),Review immediately
2026-02-03,15:09,ECOP,ECOP,High,0,0,50,80086.0,Abnormal volume spike (3x avg),Review immediately
2026-02-03,15:09,EFERT,EFERT,High,0,0,50,1351145.0,Abnormal volume spike (3x avg),Review immediately
2026-02-03,15:09,EFUG,EFUG,High,0,0,50,10562.0,Abnormal volume spike (3x avg),Review immediately
2026-02-03,15:09,EFUL,EFUL,High,0,0,50,17815.0,Abnormal volume spike (3x avg),Review immediately
2026-02-03,15:09,ELCM,ELCM,High,0,0,50,78.0,Abnormal volume spike (3x avg),Review immediately
2026-02-03,15:09,ELSM,ELSM,High,0,0,50,100.0,Abnormal volume spike (3x avg),Review immediately
2026-02-03,15:09,EMCO,EMCO,High,0,0,50,13304.0,Abnormal volume spike (3x avg),Review immediately
2026-02-03,15:09,ENGROH,ENGROH,High,0,0,50,3514475.0,Abnormal volume spike (3x avg),Review immediately
2026-02-03,15:09,EPCL,EPCL,High,0,0,50,560544.0,Abnormal volume spike (3x avg),Review immediately
2026-02-03,15:09,EPCLPS,EPCLPS,High,0,0,50,11.0,Abnormal volume spike (3x avg),Review immediately
2026-02-03,15:09,EPQL,EPQL,High,0,0,50,187591.0,Abnormal volume spike (3x avg),Review immediately
2026-02-03,15:09,ESBL,ESBL,High,0,0,50,1343953.0,Abnormal volume spike (3x avg),Review immediately
2026-02-03,15:09,EWIC,EWIC,High,0,0,50,22.0,Abnormal volume spike (3x avg),Review immediately
2026-02-03,15:09,EXIDE,EXIDE,High,0,0,50,4524.0,Abnormal volume spike (3x avg),Review immediately
2026-02-03,15:09,FABL,FABL,High,0,0,50,422421.0,Abnormal volume spike (3x avg),Review immediately
2026-02-03,15:09,FANM,FANM,High,0,0,50,16033.0,Abnormal volume spike (3x avg),Review immediately
2026-02-03,15:09,FASM,FASM,High,0,0,50,1795.0,Abnormal volume spike (3x avg),Review immediately
2026-02-03,15:09,FATIMA,FATIMA,High,0,0,50,7657206.0,Abnormal volume spike (3x avg),Review immediately
2026-02-03,15:09,FCCL,FCCL,High,0,0,50,3746858.0,Abnormal volume spike (3x avg),Review immediately
2026-02-03,15:09,FCEL,FCEL,High,0,0,50,363404.0,Abnormal volume spike (3x avg),Review immediately
2026-02-03,15:09,FCEPL,FCEPL,High,0,0,50,220578.0,Abnormal volume spike (3x avg),Review immediately
2026-02-03,15:09,FCIBL,FCIBL,High,0,0,50,1984.0,Abnormal volume spike (3x avg),Review immediately
2026-02-03,15:09,FCL,FCL,High,0,0,50,3530176.0,Abnormal volume spike (3x avg),Review immediately
2026-02-03,15:09,FCSC,FCSC,High,0,0,50,1161587.0,Abnormal volume spike (3x avg),Review immediately
2026-02-03,15:09,FDPL,FDPL,High,0,0,50,659748.0,Abnormal volume spike (3x avg),Review immediately
2026-02-03,15:09,FECM,FECM,High,0,0,50,31547.0,Abnormal volume spike (3x avg),Review immediately
2026-02-03,15:09,FECTC,FECTC,High,0,0,50,79353.0,Abnormal volume spike (3x avg),Review immediately
2026-02-03,15:09,FEM,FEM,High,0,0,50,13270.0,Abnormal volume spike (3x avg),Review immediately
2026-02-03,15:09,FEROZ,FEROZ,High,0,0,50,12910.0,Abnormal volume spike (3x avg),Review immediately
2026-02-03,15:09,FFC,FFC,High,0,0,50,3757781.0,Abnormal volume spike (3x avg),Review immediately
2026-02-03,15:09,FFL,FFL,High,0,0,50,3702887.0,Abnormal volume spike (3x avg),Review immediately
2026-02-03,15:09,FFLM,FFLM,High,0,0,50,66767.0,Abnormal volume spike (3x avg),Review immediately
2026-02-03,15:09,FHAM,FHAM,High,0,0,50,7172.0,Abnormal volume spike (3x avg),Review immediately
2026-02-03,15:09,FIBLM,FIBLM,High,0,0,50,1801274.0,Abnormal volume spike (3x avg),Review immediately
2026-02-03,15:09,FIL,FIL,High,0,0,50,122.0,Abnormal volume spike (3x avg),Review immediately
2026-02-03,15:09,FIMM,FIMM,High,0,0,50,10.0,Abnormal volume spike (3x avg),Review immediately
2026-02-03,15:09,FLYNG,FLYNG,High,0,0,50,300798.0,Abnormal volume spike (3x avg),Review immediately
2026-02-03,15:09,FML,FML,High,0,0,50,97513.0,Abnormal volume spike (3x avg),Review immediately
2026-02-03,15:09,FNBM,FNBM,High,0,0,50,384000.0,Abnormal volume spike (3x avg),Review immediately
2026-02-03,15:09,FNEL,FNEL,High,0,0,50,191182675.0,Abnormal volume spike (3x avg),Review immediately
2026-02-03,15:09,FPJM,FPJM,High,0,0,50,69996.0,Abnormal volume spike (3x avg),Review immediately
2026-02-03,15:09,FPRM,FPRM,High,0,0,50,36906.0,Abnormal volume spike (3x avg),Review immediately
2026-02-03,15:09,FRCL,FRCL,High,0,0,50,250.0,Abnormal volume spike (3x avg),Review immediately
2026-02-03,15:09,FRSM,FRSM,High,0,0,50,122.0,Abnormal volume spike (3x avg),Review immediately
2026-02-03,15:09,FSWL,FSWL,High,0,0,50,20.0,Abnormal volume spike (3x avg),Review immediately
2026-02-03,15:09,FTMM,FTMM,High,0,0,50,264.0,Abnormal volume spike (3x avg),Review immediately
2026-02-03,15:09,FTSM,FTSM,High,0,0,50,88771.0,Abnormal volume spike (3x avg),Review immediately
2026-02-03,15:09,FZCM,FZCM,High,0,0,50,10694.0,Abnormal volume spike (3x avg),Review immediately
2026-02-03,15:09,GADT,GADT,High,0,0,50,20469.0,Abnormal volume spike (3x avg),Review immediately
2026-02-03,15:09,GAL,GAL,High,0,0,50,94667.0,Abnormal volume spike (3x avg),Review immediately
2026-02-03,15:09,GAMON,GAMON,High,0,0,50,33103.0,Abnormal volume spike (3x avg),Review immediately
2026-02-03,15:09,GATI,GATI,High,0,0,50,21417.0,Abnormal volume spike (3x avg),Review immediately
2026-02-03,15:09,GATM,GATM,High,0,0,50,374070.0,Abnormal volume spike (3x avg),Review immediately
2026-02-03,15:09,GCIL,GCIL,High,0,0,50,2966838.0,Abnormal volume spike (3x avg),Review immediately
2026-02-03,15:09,GCWL,GCWL,High,0,0,50,8707440.0,Abnormal volume spike (3x avg),Review immediately
2026-02-03,15:09,GEMBCEM,GEMBCEM,High,0,0,50,200.0,Abnormal volume spike (3x avg),Review immediately
2026-02-03,15:09,GEMMEL,GEMMEL,High,0,0,50,2805.0,Abnormal volume spike (3x avg),Review immediately
2026-02-03,15:09,GEMPACRA,GEMPACRA,High,0,0,50,3342.0,Abnormal volume spike (3x avg),Review immediately
2026-02-03,15:09,GEMPAPL,GEMPAPL,High,0,0,50,500.0,Abnormal volume spike (3x avg),Review immediately
2026-02-03,15:09,GEMSPNL,GEMSPNL,High,0,0,50,96900.0,Abnormal volume spike (3x avg),Review immediately
2026-02-03,15:09,GFIL,GFIL,High,0,0,50,9412.0,Abnormal volume spike (3x avg),Review immediately
2026-02-03,15:09,GGGL,GGGL,High,0,0,50,453147.0,Abnormal volume spike (3x avg),Review immediately
2026-02-03,15:09,GGL,GGL,High,0,0,50,800035.0,Abnormal volume spike (3x avg),Review immediately
2026-02-03,15:09,GHGL,GHGL,High,0,0,50,832780.0,Abnormal volume spike (3x avg),Review immediately
2026-02-03,15:09,GHNI,GHNI,High,0,0,50,404614.0,Abnormal volume spike (3x avg),Review immediately
2026-02-03,15:09,GLAXO,GLAXO,High,0,0,50,237798.0,Abnormal volume spike (3x avg),Review immediately
2026-02-03,15:09,GLPL,GLPL,High,0,0,50,32611.0,Abnormal volume spike (3x avg),Review immediately
2026-02-03,15:09,GOC,GOC,High,0,0,50,201.0,Abnormal volume spike (3x avg),Review immediately
2026-02-03,15:09,GRR,GRR,High,0,0,50,224170.0,Abnormal volume spike (3x avg),Review immediately
2026-02-03,15:09,GRYL,GRYL,High,0,0,50,27496.0,Abnormal volume spike (3x avg),Review immediately
2026-02-03,15:09,GSPM,GSPM,High,0,0,50,2924.0,Abnormal volume spike (3x avg),Review immediately
2026-02-03,15:09,GTYR,GTYR,High,0,0,50,193732.0,Abnormal volume spike (3x avg),Review immediately
2026-02-03,15:09,GUSM,GUSM,High,0,0,50,1151.0,Abnormal volume spike (3x avg),Review immediately
2026-02-03,15:09,GVGL,GVGL,High,0,0,50,8258.0,Abnormal volume spike (3x avg),Review immediately
2026-02-03,15:09,GWLC,GWLC,High,0,0,50,408037.0,Abnormal volume spike (3x avg),Review immediately
2026-02-03,15:09,HABSM,HABSM,High,0,0,50,71232.0,Abnormal volume spike (3x avg),Review immediately
2026-02-03,15:09,HADC,HADC,High,0,0,50,499500.0,Abnormal volume spike (3x avg),Review immediately
2026-02-03,15:09,HAEL,HAEL,High,0,0,50,690.0,Abnormal volume spike (3x avg),Review immediately
2026-02-03,15:09,HAFL,HAFL,High,0,0,50,11.0,Abnormal volume spike (3x avg),Review immediately
2026-02-03,15:09,HALEON,HALEON,High,0,0,50,32892.0,Abnormal volume spike (3x avg),Review immediately
2026-02-03,15:09,HASCOL,HASCOL,High,0,0,50,18507824.0,Abnormal volume spike (3x avg),Review immediately
2026-02-03,15:09,HBL,HBL,High,0,0,50,1155699.0,Abnormal volume spike (3x avg),Review immediately
2026-02-03,15:09,HBLTETF,HBLTETF,High,0,0,50,47300.0,Abnormal volume spike (3x avg),Review immediately
2026-02-03,15:09,HCAR,HCAR,High,0,0,50,758023.0,Abnormal volume spike (3x avg),Review immediately
2026-02-03,15:09,HGFA,HGFA,High,0,0,50,7260.0,Abnormal volume spike (3x avg),Review immediately
2026-02-03,15:09,HICL,HICL,High,0,0,50,54545.0,Abnormal volume spike (3x avg),Review immediately
2026-02-03,15:09,HIFA,HIFA,High,0,0,50,141189.0,Abnormal volume spike (3x avg),Review immediately
2026-02-03,15:09,HINO,HINO,High,0,0,50,3282.0,Abnormal volume spike (3x avg),Review immediately
2026-02-03,15:09,HINOON,HINOON,High,0,0,50,69095.0,Abnormal volume spike (3x avg),Review immediately
2026-02-03,15:09,HIRAT,HIRAT,High,0,0,50,111207.0,Abnormal volume spike (3x avg),Review immediately
2026-02-03,15:09,HMB,HMB,High,0,0,50,655812.0,Abnormal volume spike (3x avg),Review immediately
2026-02-03,15:09,HMIM,HMIM,High,0,0,50,3000.0,Abnormal volume spike (3x avg),Review immediately
2026-02-03,15:09,HPL,HPL,High,0,0,50,338.0,Abnormal volume spike (3x avg),Review immediately
2026-02-03,15:09,HRPL,HRPL,High,0,0,50,260.0,Abnormal volume spike (3x avg),Review immediately
2026-02-03,15:09,HSPI,HSPI,High,0,0,50,99532.0,Abnormal volume spike (3x avg),Review immediately
2026-02-03,15:09,HTL,HTL,High,0,0,50,67260.0,Abnormal volume spike (3x avg),Review immediately
2026-02-03,15:09,HUBC,HUBC,High,0,0,50,6335910.0,Abnormal volume spike (3x avg),Review immediately
2026-02-03,15:09,HUMNL,HUMNL,High,0,0,50,2731694.0,Abnormal volume spike (3x avg),Review immediately
2026-02-03,15:09,HUSI,HUSI,High,0,0,50,201.0,Abnormal volume spike (3x avg),Review immediately
2026-02-03,15:09,HWQS,HWQS,High,0,0,50,100322.0,Abnormal volume spike (3x avg),Review immediately
2026-02-03,15:09,IBFL,IBFL,High,0,0,50,603.0,Abnormal volume spike (3x avg),Review immediately
2026-02-03,15:09,IBLHL,IBLHL,High,0,0,50,200690.0,Abnormal volume spike (3x avg),Review immediately
2026-02-03,15:09,ICCI,ICCI,High,0,0,50,3584.0,Abnormal volume spike (3x avg),Review immediately
2026-02-03,15:09,ICIBL,ICIBL,High,0,0,50,327781.0,Abnormal volume spike (3x avg),Review immediately
2026-02-03,15:09,ICL,ICL,High,0,0,50,155589.0,Abnormal volume spike (3x avg),Review immediately
2026-02-03,15:09,IDRT,IDRT,High,0,0,50,20161.0,Abnormal volume spike (3x avg),Review immediately
2026-02-03,15:09,IDSM,IDSM,High,0,0,50,16554.0,Abnormal volume spike (3x avg),Review immediately
2026-02-03,15:09,IDYM,IDYM,High,0,0,50,53283.0,Abnormal volume spike (3x avg),Review immediately
2026-02-03,15:09,IGIHL,IGIHL,High,0,0,50,33368.0,Abnormal volume spike (3x avg),Review immediately
2026-02-03,15:09,IGIL,IGIL,High,0,0,50,1510.0,Abnormal volume spike (3x avg),Review immediately
2026-02-03,15:09,ILP,ILP,High,0,0,50,1388552.0,Abnormal volume spike (3x avg),Review immediately
2026-02-03,15:09,IMAGE,IMAGE,High,0,0,50,948544.0,Abnormal volume spike (3x avg),Review immediately
2026-02-03,15:09,IML,IML,High,0,0,50,4491.0,Abnormal volume spike (3x avg),Review immediately
2026-02-03,15:09,IMS,IMS,High,0,0,50,513438.0,Abnormal volume spike (3x avg),Review immediately
2026-02-03,15:09,INDU,INDU,High,0,0,50,23081.0,Abnormal volume spike (3x avg),Review immediately
2026-02-03,15:09,INIL,INIL,High,0,0,50,51024.0,Abnormal volume spike (3x avg),Review immediately
2026-02-03,15:09,INKL,INKL,High,0,0,50,678.0,Abnormal volume spike (3x avg),Review immediately
2026-02-03,15:09,IPAK,IPAK,High,0,0,50,567624.0,Abnormal volume spike (3x avg),Review immediately
2026-02-03,15:09,IREIT,IREIT,High,0,0,50,331597.0,Abnormal volume spike (3x avg),Review immediately
2026-02-03,15:09,ISIL,ISIL,High,0,0,50,28.0,Abnormal volume spike (3x avg),Review immediately
2026-02-03,15:09,ISL,ISL,High,0,0,50,260497.0,Abnormal volume spike (3x avg),Review immediately
2026-02-03,15:09,ITTEFAQ,ITTEFAQ,High,0,0,50,222243.0,Abnormal volume spike (3x avg),Review immediately
2026-02-03,15:09,JATM,JATM,High,0,0,50,561.0,Abnormal volume spike (3x avg),Review immediately
2026-02-03,15:09,JDMT,JDMT,High,0,0,50,17505.0,Abnormal volume spike (3x avg),Review immediately
2026-02-03,15:09,JDWS,JDWS,High,0,0,50,4596.0,Abnormal volume spike (3x avg),Review immediately
2026-02-03,15:09,JGICL,JGICL,High,0,0,50,36341.0,Abnormal volume spike (3x avg),Review immediately
2026-02-03,15:09,JKSM,JKSM,High,0,0,50,259.0,Abnormal volume spike (3x avg),Review immediately
2026-02-03,15:09,JLICL,JLICL,High,0,0,50,57781.0,Abnormal volume spike (3x avg),Review immediately
2026-02-03,15:09,JSBL,JSBL,High,0,0,50,76234.0,Abnormal volume spike (3x avg),Review immediately
2026-02-03,15:09,JSCL,JSCL,High,0,0,50,1283176.0,Abnormal volume spike (3x avg),Review immediately
2026-02-03,15:09,JSCLPSA,JSCLPSA,High,0,0,50,10000.0,Abnormal volume spike (3x avg),Review immediately
2026-02-03,15:09,JSGBETF,JSGBETF,High,0,0,50,40000.0,Abnormal volume spike (3x avg),Review immediately
2026-02-03,15:09,JSGCL,JSGCL,High,0,0,50,23.0,Abnormal volume spike (3x avg),Review immediately
2026-02-03,15:09,JSIL,JSIL,High,0,0,50,5204.0,Abnormal volume spike (3x avg),Review immediately
2026-02-03,15:09,JSMFETF,JSMFETF,High,0,0,50,121500.0,Abnormal volume spike (3x avg),Review immediately
2026-02-03,15:09,JSML,JSML,High,0,0,50,25163.0,Abnormal volume spike (3x avg),Review immediately
2026-02-03,15:09,JUBS,JUBS,High,0,0,50,6222.0,Abnormal volume spike (3x avg),Review immediately
2026-02-03,15:09,JVDC,JVDC,High,0,0,50,2128118.0,Abnormal volume spike (3x avg),Review immediately
2026-02-03,15:09,JVDCPS,JVDCPS,High,0,0,50,204.0,Abnormal volume spike (3x avg),Review immediately
2026-02-03,15:09,KAPCO,KAPCO,High,0,0,50,845346.0,Abnormal volume spike (3x avg),Review immediately
2026-02-03,15:09,KCL,KCL,High,0,0,50,101.0,Abnormal volume spike (3x avg),Review immediately
2026-02-03,15:09,KEL,KEL,High,0,0,50,86288764.0,Abnormal volume spike (3x avg),Review immediately
2026-02-03,15:09,KHTC,KHTC,High,0,0,50,752.0,Abnormal volume spike (3x avg),Review immediately
2026-02-03,15:09,KHYT,KHYT,High,0,0,50,43.0,Abnormal volume spike (3x avg),Review immediately
2026-02-03,15:09,KML,KML,High,0,0,50,57342.0,Abnormal volume spike (3x avg),Review immediately
2026-02-03,15:09,KOHC,KOHC,High,0,0,50,188182.0,Abnormal volume spike (3x avg),Review immediately
2026-02-03,15:09,KOHE,KOHE,High,0,0,50,34967.0,Abnormal volume spike (3x avg),Review immediately
2026-02-03,15:09,KOHP,KOHP,High,0,0,50,1802201.0,Abnormal volume spike (3x avg),Review immediately
2026-02-03,15:09,KOHTM,KOHTM,High,0,0,50,9960.0,Abnormal volume spike (3x avg),Review immediately
2026-02-03,15:09,KOIL,KOIL,High,0,0,50,956521.0,Abnormal volume spike (3x avg),Review immediately
2026-02-03,15:09,KOSM,KOSM,High,0,0,50,5636900.0,Abnormal volume spike (3x avg),Review immediately
2026-02-03,15:09,KPUS,KPUS,High,0,0,50,1957.0,Abnormal volume spike (3x avg),Review immediately
2026-02-03,15:09,KSBP,KSBP,High,0,0,50,20481.0,Abnormal volume spike (3x avg),Review immediately
2026-02-03,15:09,KSTM,KSTM,High,0,0,50,10443.0,Abnormal volume spike (3x avg),Review immediately
2026-02-03,15:09,KTML,KTML,High,0,0,50,175173.0,Abnormal volume spike (3x avg),Review immediately
2026-02-03,15:09,LCI,LCI,High,0,0,50,416067.0,Abnormal volume spike (3x avg),Review immediately
2026-02-03,15:09,LEUL,LEUL,High,0,0,50,3688.0,Abnormal volume spike (3x avg),Review immediately
2026-02-03,15:09,LIVEN,LIVEN,High,0,0,50,62926.0,Abnormal volume spike (3x avg),Review immediately
2026-02-03,15:09,LOADS,LOADS,High,0,0,50,572299.0,Abnormal volume spike (3x avg),Review immediately
2026-02-03,15:09,LOTCHEM,LOTCHEM,High,0,0,50,2037377.0,Abnormal volume spike (3x avg),Review immediately
2026-02-03,15:09,LPGL,LPGL,High,0,0,50,1010.0,Abnormal volume spike (3x avg),Review immediately
2026-02-03,15:09,LPL,LPL,High,0,0,50,92324.0,Abnormal volume spike (3x avg),Review immediately
2026-02-03,15:09,LSECL,LSECL,High,0,0,50,4830113.0,Abnormal volume spike (3x avg),Review immediately
2026-02-03,15:09,LSEFSL,LSEFSL,High,0,0,50,258.0,Abnormal volume spike (3x avg),Review immediately
2026-02-03,15:09,LSEVL,LSEVL,High,0,0,50,7743136.0,Abnormal volume spike (3x avg),Review immediately
2026-02-03,15:09,LSEVLR,LSEVLR,High,0,0,50,4361652.0,Abnormal volume spike (3x avg),Review immediately
2026-02-03,15:09,LUCK,LUCK,High,0,0,50,1207123.0,Abnormal volume spike (3x avg),Review immediately
2026-02-03,15:09,MACFL,MACFL,High,0,0,50,2530136.0,Abnormal volume spike (3x avg),Review immediately
2026-02-03,15:09,MACTER,MACTER,High,0,0,50,28159.0,Abnormal volume spike (3x avg),Review immediately
2026-02-03,15:09,MARI,MARI,High,0,0,50,406090.0,Abnormal volume spike (3x avg),Review immediately
2026-02-03,15:09,MCB,MCB,High,0,0,50,714244.0,Abnormal volume spike (3x avg),Review immediately
2026-02-03,15:09,MCBIM,MCBIM,High,0,0,50,822.0,Abnormal volume spike (3x avg),Review immediately
2026-02-03,15:09,MDTL,MDTL,High,0,0,50,1830941.0,Abnormal volume spike (3x avg),Review immediately
2026-02-03,15:09,MEBL,MEBL,High,0,0,50,1434569.0,Abnormal volume spike (3x avg),Review immediately
2026-02-03,15:09,MEHT,MEHT,High,0,0,50,234.0,Abnormal volume spike (3x avg),Review immediately
2026-02-03,15:09,MERIT,MERIT,High,0,0,50,90137.0,Abnormal volume spike (3x avg),Review immediately
2026-02-03,15:09,MFFL,MFFL,High,0,0,50,3593.0,Abnormal volume spike (3x avg),Review immediately
2026-02-03,15:09,MFL,MFL,High,0,0,50,295202.0,Abnormal volume spike (3x avg),Review immediately
2026-02-03,15:09,MFTM,MFTM,High,0,0,50,22000.0,Abnormal volume spike (3x avg),Review immediately
2026-02-03,15:09,MIIETF,MIIETF,High,0,0,50,1110000.0,Abnormal volume spike (3x avg),Review immediately
2026-02-03,15:09,MIRKS,MIRKS,High,0,0,50,26038.0,Abnormal volume spike (3x avg),Review immediately
2026-02-03,15:09,MLCF,MLCF,High,0,0,50,2869270.0,Abnormal volume spike (3x avg),Review immediately
2026-02-03,15:09,MQTM,MQTM,High,0,0,50,170.0,Abnormal volume spike (3x avg),Review immediately
2026-02-03,15:09,MRNS,MRNS,High,0,0,50,18809.0,Abnormal volume spike (3x avg),Review immediately
2026-02-03,15:09,MSCL,MSCL,High,0,0,50,180887.0,Abnormal volume spike (3x avg),Review immediately
2026-02-03,15:09,MSOT,MSOT,High,0,0,50,11086.0,Abnormal volume spike (3x avg),Review immediately
2026-02-03,15:09,MTL,MTL,High,0,0,50,235635.0,Abnormal volume spike (3x avg),Review immediately
2026-02-03,15:09,MUBT,MUBT,High,0,0,50,35000.0,Abnormal volume spike (3x avg),Review immediately
2026-02-03,15:09,MUGHAL,MUGHAL,High,0,0,50,1569482.0,Abnormal volume spike (3x avg),Review immediately
2026-02-03,15:09,MUGHALC,MUGHALC,High,0,0,50,2003.0,Abnormal volume spike (3x avg),Review immediately
2026-02-03,15:09,MUREB,MUREB,High,0,0,50,4414.0,Abnormal volume spike (3x avg),Review immediately
2026-02-03,15:09,MWMP,MWMP,High,0,0,50,120252.0,Abnormal volume spike (3x avg),Review immediately
2026-02-03,15:09,MZNPETF,MZNPETF,High,0,0,50,682000.0,Abnormal volume spike (3x avg),Review immediately
2026-02-03,15:09,NAGC,NAGC,High,0,0,50,1050.0,Abnormal volume spike (3x avg),Review immediately
2026-02-03,15:09,NATF,NATF,High,0,0,50,70133.0,Abnormal volume spike (3x avg),Review immediately
2026-02-03,15:09,NATM,NATM,High,0,0,50,500.0,Abnormal volume spike (3x avg),Review immediately
2026-02-03,15:09,NBP,NBP,High,0,0,50,7972506.0,Abnormal volume spike (3x avg),Review immediately
2026-02-03,15:09,NBPGETF,NBPGETF,High,0,0,50,41500.0,Abnormal volume spike (3x avg),Review immediately
2026-02-03,15:09,NCL,NCL,High,0,0,50,1905993.0,Abnormal volume spike (3x avg),Review immediately
2026-02-03,15:09,NCML,NCML,High,0,0,50,27656.0,Abnormal volume spike (3x avg),Review immediately
2026-02-03,15:09,NCPL,NCPL,High,0,0,50,20150337.0,Abnormal volume spike (3x avg),Review immediately
2026-02-03,15:09,NESTLE,NESTLE,High,0,0,50,91.0,Abnormal volume spike (3x avg),Review immediately
2026-02-03,15:09,NETSOL,NETSOL,High,0,0,50,223105.0,Abnormal volume spike (3x avg),Review immediately
2026-02-03,15:09,NEXT,NEXT,High,0,0,50,56237.0,Abnormal volume spike (3x avg),Review immediately
2026-02-03,15:09,NICL,NICL,High,0,0,50,1063.0,Abnormal volume spike (3x avg),Review immediately
2026-02-03,15:09,NITGETF,NITGETF,High,0,0,50,9000.0,Abnormal volume spike (3x avg),Review immediately
2026-02-03,15:09,NML,NML,High,0,0,50,4665417.0,Abnormal volume spike (3x avg),Review immediately
2026-02-03,15:09,NONS,NONS,High,0,0,50,6799.0,Abnormal volume spike (3x avg),Review immediately
2026-02-03,15:09,NPL,NPL,High,0,0,50,14011257.0,Abnormal volume spike (3x avg),Review immediately
2026-02-03,15:09,NRL,NRL,High,0,0,50,2525771.0,Abnormal volume spike (3x avg),Review immediately
2026-02-03,15:09,NRSL,NRSL,High,0,0,50,11715.0,Abnormal volume spike (3x avg),Review immediately
2026-02-03,15:09,OBOY,OBOY,High,0,0,50,656999.0,Abnormal volume spike (3x avg),Review immediately
2026-02-03,15:09,OCTOPUS,OCTOPUS,High,0,0,50,186203.0,Abnormal volume spike (3x avg),Review immediately
2026-02-03,15:09,OGDC,OGDC,High,0,0,50,3747041.0,Abnormal volume spike (3x avg),Review immediately
2026-02-03,15:09,OLPL,OLPL,High,0,0,50,513.0,Abnormal volume spike (3x avg),Review immediately
2026-02-03,15:09,OLPM,OLPM,High,0,0,50,14173.0,Abnormal volume spike (3x avg),Review immediately
2026-02-03,15:09,OML,OML,High,0,0,50,50.0,Abnormal volume spike (3x avg),Review immediately
2026-02-03,15:09,ORM,ORM,High,0,0,50,60532.0,Abnormal volume spike (3x avg),Review immediately
2026-02-03,15:09,OTSU,OTSU,High,0,0,50,14898.0,Abnormal volume spike (3x avg),Review immediately
2026-02-03,15:09,PABC,PABC,High,0,0,50,180170.0,Abnormal volume spike (3x avg),Review immediately
2026-02-03,15:09,PACE,PACE,High,0,0,50,3633931.0,Abnormal volume spike (3x avg),Review immediately
2026-02-03,15:09,PAEL,PAEL,High,0,0,50,3931344.0,Abnormal volume spike (3x avg),Review immediately
2026-02-03,15:09,PAKD,PAKD,High,0,0,50,5309.0,Abnormal volume spike (3x avg),Review immediately
2026-02-03,15:09,PAKL,PAKL,High,0,0,50,7197.0,Abnormal volume spike (3x avg),Review immediately
2026-02-03,15:09,PAKOXY,PAKOXY,High,0,0,50,17028.0,Abnormal volume spike (3x avg),Review immediately
2026-02-03,15:09,PAKQATAR,PAKQATAR,High,0,0,50,529504.0,Abnormal volume spike (3x avg),Review immediately
2026-02-03,15:09,PAKRI,PAKRI,High,0,0,50,1260310.0,Abnormal volume spike (3x avg),Review immediately
2026-02-03,15:09,PAKT,PAKT,High,0,0,50,385.0,Abnormal volume spike (3x avg),Review immediately
2026-02-03,15:09,PASL,PASL,High,0,0,50,6170997.0,Abnormal volume spike (3x avg),Review immediately
2026-02-03,15:09,PASM,PASM,High,0,0,50,17203.0,Abnormal volume spike (3x avg),Review immediately
2026-02-03,15:09,PCAL,PCAL,High,0,0,50,91899.0,Abnormal volume spike (3x avg),Review immediately
2026-02-03,15:09,PECO,PECO,High,0,0,50,426.0,Abnormal volume spike (3x avg),Review immediately
2026-02-03,15:09,PGLC,PGLC,High,0,0,50,1409.0,Abnormal volume spike (3x avg),Review immediately
2026-02-03,15:09,PHDL,PHDL,High,0,0,50,592568.0,Abnormal volume spike (3x avg),Review immediately
2026-02-03,15:09,PIAHCLA,PIAHCLA,High,0,0,50,20455867.0,Abnormal volume spike (3x avg),Review immediately
2026-02-03,15:09,PIAHCLB,PIAHCLB,High,0,0,50,73.0,Abnormal volume spike (3x avg),Review immediately
2026-02-03,15:09,PIBTL,PIBTL,High,0,0,50,11391055.0,Abnormal volume spike (3x avg),Review immediately
2026-02-03,15:09,PICT,PICT,High,0,0,50,46380.0,Abnormal volume spike (3x avg),Review immediately
2026-02-03,15:09,PIL,PIL,High,0,0,50,4047.0,Abnormal volume spike (3x avg),Review immediately
2026-02-03,15:09,PINL,PINL,High,0,0,50,1101.0,Abnormal volume spike (3x avg),Review immediately
2026-02-03,15:09,PIOC,PIOC,High,0,0,50,68751.0,Abnormal volume spike (3x avg),Review immediately
2026-02-03,15:09,PKGI,PKGI,High,0,0,50,83329.0,Abnormal volume spike (3x avg),Review immediately
2026-02-03,15:09,PKGP,PKGP,High,0,0,50,9146.0,Abnormal volume spike (3x avg),Review immediately
2026-02-03,15:09,PKGS,PKGS,High,0,0,50,3072.0,Abnormal volume spike (3x avg),Review immediately
2026-02-03,15:09,PMRS,PMRS,High,0,0,50,71.0,Abnormal volume spike (3x avg),Review immediately
2026-02-03,15:09,PNSC,PNSC,High,0,0,50,13575.0,Abnormal volume spike (3x avg),Review immediately
2026-02-03,15:09,POL,POL,High,0,0,50,292906.0,Abnormal volume spike (3x avg),Review immediately
2026-02-03,15:09,POML,POML,High,0,0,50,2913.0,Abnormal volume spike (3x avg),Review immediately
2026-02-03,15:09,POWER,POWER,High,0,0,50,3988365.0,Abnormal volume spike (3x avg),Review immediately
2026-02-03,15:09,POWERPS,POWERPS,High,0,0,50,1643.0,Abnormal volume spike (3x avg),Review immediately
2026-02-03,15:09,PPL,PPL,High,0,0,50,3714749.0,Abnormal volume spike (3x avg),Review immediately
2026-02-03,15:09,PPP,PPP,High,0,0,50,9687.0,Abnormal volume spike (3x avg),Review immediately
2026-02-03,15:09,PPVC,PPVC,High,0,0,50,5247.0,Abnormal volume spike (3x avg),Review immediately
2026-02-03,15:09,PREMA,PREMA,High,0,0,50,325185.0,Abnormal volume spike (3x avg),Review immediately
2026-02-03,15:09,PRET,PRET,High,0,0,50,101.0,Abnormal volume spike (3x avg),Review immediately
2026-02-03,15:09,PRL,PRL,High,0,0,50,10031498.0,Abnormal volume spike (3x avg),Review immediately
2026-02-03,15:09,PRWM,PRWM,High,0,0,50,469.0,Abnormal volume spike (3x avg),Review immediately
2026-02-03,15:09,PSEL,PSEL,High,0,0,50,12717.0,Abnormal volume spike (3x avg),Review immediately
2026-02-03,15:09,PSO,PSO,High,0,0,50,4843608.0,Abnormal volume spike (3x avg),Review immediately
2026-02-03,15:09,PSX,PSX,High,0,0,50,2423654.0,Abnormal volume spike (3x avg),Review immediately
2026-02-03,15:09,PSYL,PSYL,High,0,0,50,100.0,Abnormal volume spike (3x avg),Review immediately
2026-02-03,15:09,PTC,PTC,High,0,0,50,7939752.0,Abnormal volume spike (3x avg),Review immediately
2026-02-03,15:09,PTL,PTL,High,0,0,50,58094.0,Abnormal volume spike (3x avg),Review immediately
2026-02-03,15:09,QTECH,QTECH,High,0,0,50,156985.0,Abnormal volume spike (3x avg),Review immediately
2026-02-03,15:09,QUET,QUET,High,0,0,50,33941.0,Abnormal volume spike (3x avg),Review immediately
2026-02-03,15:09,QUICE,QUICE,High,0,0,50,1763108.0,Abnormal volume spike (3x avg),Review immediately
2026-02-03,15:09,RCML,RCML,High,0,0,50,14.0,Abnormal volume spike (3x avg),Review immediately
2026-02-03,15:09,REDCO,REDCO,High,0,0,50,12470.0,Abnormal volume spike (3x avg),Review immediately
2026-02-03,15:09,REWM,REWM,High,0,0,50,2019.0,Abnormal volume spike (3x avg),Review immediately
2026-02-03,15:09,RICL,RICL,High,0,0,50,39716.0,Abnormal volume spike (3x avg),Review immediately
2026-02-03,15:09,RMPL,RMPL,High,0,0,50,92.0,Abnormal volume spike (3x avg),Review immediately
2026-02-03,15:09,RPL,RPL,High,0,0,50,90499.0,Abnormal volume spike (3x avg),Review immediately
2026-02-03,15:09,RUBY,RUBY,High,0,0,50,5.0,Abnormal volume spike (3x avg),Review immediately
2026-02-03,15:09,SAIF,SAIF,High,0,0,50,90904.0,Abnormal volume spike (3x avg),Review immediately
2026-02-03,15:09,SANE,SANE,High,0,0,50,18747.0,Abnormal volume spike (3x avg),Review immediately
2026-02-03,15:09,SANSM,SANSM,High,0,0,50,819.0,Abnormal volume spike (3x avg),Review immediately
2026-02-03,15:09,SAPT,SAPT,High,0,0,50,217.0,Abnormal volume spike (3x avg),Review immediately
2026-02-03,15:09,SARC,SARC,High,0,0,50,254.0,Abnormal volume spike (3x avg),Review immediately
2026-02-03,15:09,SAZEW,SAZEW,High,0,0,50,767356.0,Abnormal volume spike (3x avg),Review immediately
2026-02-03,15:09,SBL,SBL,High,0,0,50,1045907.0,Abnormal volume spike (3x avg),Review immediately
2026-02-03,15:09,SCBPL,SCBPL,High,0,0,50,18862.0,Abnormal volume spike (3x avg),Review immediately
2026-02-03,15:09,SCL,SCL,High,0,0,50,500.0,Abnormal volume spike (3x avg),Review immediately
2026-02-03,15:09,SEARL,SEARL,High,0,0,50,2391790.0,Abnormal volume spike (3x avg),Review immediately
2026-02-03,15:09,SEL,SEL,High,0,0,50,17852.0,Abnormal volume spike (3x avg),Review immediately
2026-02-03,15:09,SEPL,SEPL,High,0,0,50,43405.0,Abnormal volume spike (3x avg),Review immediately
2026-02-03,15:09,SERT,SERT,High,0,0,50,12501.0,Abnormal volume spike (3x avg),Review immediately
2026-02-03,15:09,SFAT,SFAT,High,0,0,50,2500.0,Abnormal volume spike (3x avg),Review immediately
2026-02-03,15:09,SFL,SFL,High,0,0,50,48.0,Abnormal volume spike (3x avg),Review immediately
2026-02-03,15:09,SGF,SGF,High,0,0,50,415176.0,Abnormal volume spike (3x avg),Review immediately
2026-02-03,15:09,SGPL,SGPL,High,0,0,50,393273.0,Abnormal volume spike (3x avg),Review immediately
2026-02-03,15:09,SHCI,SHCI,High,0,0,50,8000.0,Abnormal volume spike (3x avg),Review immediately
2026-02-03,15:09,SHCM,SHCM,High,0,0,50,709.0,Abnormal volume spike (3x avg),Review immediately
2026-02-03,15:09,SHDT,SHDT,High,0,0,50,21651.0,Abnormal volume spike (3x avg),Review immediately
2026-02-03,15:09,SHEZ,SHEZ,High,0,0,50,6787.0,Abnormal volume spike (3x avg),Review immediately
2026-02-03,15:09,SHFA,SHFA,High,0,0,50,8839.0,Abnormal volume spike (3x avg),Review immediately
2026-02-03,15:09,SHJS,SHJS,High,0,0,50,9805.0,Abnormal volume spike (3x avg),Review immediately
2026-02-03,15:09,SHNI,SHNI,High,0,0,50,6502.0,Abnormal volume spike (3x avg),Review immediately
2026-02-03,15:09,SHSML,SHSML,High,0,0,50,420.0,Abnormal volume spike (3x avg),Review immediately
2026-02-03,15:09,SIBL,SIBL,High,0,0,50,890.0,Abnormal volume spike (3x avg),Review immediately
2026-02-03,15:09,SIEM,SIEM,High,0,0,50,3235.0,Abnormal volume spike (3x avg),Review immediately
2026-02-03,15:09,SINDM,SINDM,High,0,0,50,18896.0,Abnormal volume spike (3x avg),Review immediately
2026-02-03,15:09,SITC,SITC,High,0,0,50,1369.0,Abnormal volume spike (3x avg),Review immediately
2026-02-03,15:09,SKRS,SKRS,High,0,0,50,56034.0,Abnormal volume spike (3x avg),Review immediately
2026-02-03,15:09,SLCL,SLCL,High,0,0,50,37500.0,Abnormal volume spike (3x avg),Review immediately
2026-02-03,15:09,SLGL,SLGL,High,0,0,50,470375.0,Abnormal volume spike (3x avg),Review immediately
2026-02-03,15:09,SLL,SLL,High,0,0,50,232928.0,Abnormal volume spike (3x avg),Review immediately
2026-02-03,15:09,SMCPL,SMCPL,High,0,0,50,2627.0,Abnormal volume spike (3x avg),Review immediately
2026-02-03,15:09,SML,SML,High,0,0,50,14572.0,Abnormal volume spike (3x avg),Review immediately
2026-02-03,15:09,SNAI,SNAI,High,0,0,50,44.0,Abnormal volume spike (3x avg),Review immediately
2026-02-03,15:09,SNBL,SNBL,High,0,0,50,1285385.0,Abnormal volume spike (3x avg),Review immediately
2026-02-03,15:09,SNGP,SNGP,High,0,0,50,693513.0,Abnormal volume spike (3x avg),Review immediately
2026-02-03,15:09,SPCL,SPCL,High,0,0,50,143500.0,Abnormal volume spike (3x avg),Review immediately
2026-02-03,15:09,SPEL,SPEL,High,0,0,50,143795.0,Abnormal volume spike (3x avg),Review immediately
2026-02-03,15:09,SPL,SPL,High,0,0,50,12737.0,Abnormal volume spike (3x avg),Review immediately
2026-02-03,15:09,SPWL,SPWL,High,0,0,50,448404.0,Abnormal volume spike (3x avg),Review immediately
2026-02-03,15:09,SRVI,SRVI,High,0,0,50,3024.0,Abnormal volume spike (3x avg),Review immediately
2026-02-03,15:09,SSGC,SSGC,High,0,0,50,4537136.0,Abnormal volume spike (3x avg),Review immediately
2026-02-03,15:09,SSML,SSML,High,0,0,50,1237.0,Abnormal volume spike (3x avg),Review immediately
2026-02-03,15:09,SSOM,SSOM,High,0,0,50,9083.0,Abnormal volume spike (3x avg),Review immediately
2026-02-03,15:09,STCL,STCL,High,0,0,50,44096.0,Abnormal volume spike (3x avg),Review immediately
2026-02-03,15:09,STJT,STJT,High,0,0,50,5710.0,Abnormal volume spike (3x avg),Review immediately
2026-02-03,15:09,STL,STL,High,0,0,50,6.0,Abnormal volume spike (3x avg),Review immediately
2026-02-03,15:09,STML,STML,High,0,0,50,7306.0,Abnormal volume spike (3x avg),Review immediately
2026-02-03,15:09,STPL,STPL,High,0,0,50,414617.0,Abnormal volume spike (3x avg),Review immediately
2026-02-03,15:09,STYLERS,STYLERS,High,0,0,50,1369.0,Abnormal volume spike (3x avg),Review immediately
2026-02-03,15:09,SURC,SURC,High,0,0,50,146.0,Abnormal volume spike (3x avg),Review immediately
2026-02-03,15:09,SUTM,SUTM,High,0,0,50,2229.0,Abnormal volume spike (3x avg),Review immediately
2026-02-03,15:09,SYM,SYM,High,0,0,50,1980497.0,Abnormal volume spike (3x avg),Review immediately
2026-02-03,15:09,SYS,SYS,High,0,0,50,2065277.0,Abnormal volume spike (3x avg),Review immediately
2026-02-03,15:09,SZTM,SZTM,High,0,0,50,65.0,Abnormal volume spike (3x avg),Review immediately
2026-02-03,15:09,TATM,TATM,High,0,0,50,86497.0,Abnormal volume spike (3x avg),Review immediately
2026-02-03,15:09,TBL,TBL,High,0,0,50,2157425.0,Abnormal volume spike (3x avg),Review immediately
2026-02-03,15:09,TCORP,TCORP,High,0,0,50,172744.0,Abnormal volume spike (3x avg),Review immediately
2026-02-03,15:09,TCORPCPS,TCORPCPS,High,0,0,50,37409.0,Abnormal volume spike (3x avg),Review immediately
2026-02-03,15:09,TELE,TELE,High,0,0,50,2190620.0,Abnormal volume spike (3x avg),Review immediately
2026-02-03,15:09,TGL,TGL,High,0,0,50,186105.0,Abnormal volume spike (3x avg),Review immediately
2026-02-03,15:09,THALL,THALL,High,0,0,50,24829.0,Abnormal volume spike (3x avg),Review immediately
2026-02-03,15:09,THCCL,THCCL,High,0,0,50,3562084.0,Abnormal volume spike (3x avg),Review immediately
2026-02-03,15:09,TICL,TICL,High,0,0,50,45.0,Abnormal volume spike (3x avg),Review immediately
2026-02-03,15:09,TOMCL,TOMCL,High,0,0,50,2256444.0,Abnormal volume spike (3x avg),Review immediately
2026-02-03,15:09,TOWL,TOWL,High,0,0,50,100449.0,Abnormal volume spike (3x avg),Review immediately
2026-02-03,15:09,TPL,TPL,High,0,0,50,534530.0,Abnormal volume spike (3x avg),Review immediately
2026-02-03,15:09,TPLI,TPLI,High,0,0,50,102715.0,Abnormal volume spike (3x avg),Review immediately
2026-02-03,15:09,TPLL,TPLL,High,0,0,50,1165.0,Abnormal volume spike (3x avg),Review immediately
2026-02-03,15:09,TPLP,TPLP,High,0,0,50,3259990.0,Abnormal volume spike (3x avg),Review immediately
2026-02-03,15:09,TPLRF1,TPLRF1,High,0,0,50,16993.0,Abnormal volume spike (3x avg),Review immediately
2026-02-03,15:09,TPLT,TPLT,High,0,0,50,817525.0,Abnormal volume spike (3x avg),Review immediately
2026-02-03,15:09,TREET,TREET,High,0,0,50,4324480.0,Abnormal volume spike (3x avg),Review immediately
2026-02-03,15:09,TRG,TRG,High,0,0,50,10649722.0,Abnormal volume spike (3x avg),Review immediately
2026-02-03,15:09,TRIBL,TRIBL,High,0,0,50,3000.0,Abnormal volume spike (3x avg),Review immediately
2026-02-03,15:09,TRIPF,TRIPF,High,0,0,50,351579.0,Abnormal volume spike (3x avg),Review immediately
2026-02-03,15:09,TRSM,TRSM,High,0,0,50,1135660.0,Abnormal volume spike (3x avg),Review immediately
2026-02-03,15:09,TSBL,TSBL,High,0,0,50,2296206.0,Abnormal volume spike (3x avg),Review immediately
2026-02-03,15:09,TSMF,TSMF,High,0,0,50,1855.0,Abnormal volume spike (3x avg),Review immediately
2026-02-03,15:09,TSML,TSML,High,0,0,50,256.0,Abnormal volume spike (3x avg),Review immediately
2026-02-03,15:09,TSPL,TSPL,High,0,0,50,2130.0,Abnormal volume spike (3x avg),Review immediately
2026-02-03,15:09,UBDL,UBDL,High,0,0,50,1230.0,Abnormal volume spike (3x avg),Review immediately
2026-02-03,15:09,UBL,UBL,High,0,0,50,1505133.0,Abnormal volume spike (3x avg),Review immediately
2026-02-03,15:09,UBLPETF,UBLPETF,High,0,0,50,193500.0,Abnormal volume spike (3x avg),Review immediately
2026-02-03,15:09,UCAPM,UCAPM,High,0,0,50,73531.0,Abnormal volume spike (3x avg),Review immediately
2026-02-03,15:09,UDLI,UDLI,High,0,0,50,21698.0,Abnormal volume spike (3x avg),Review immediately
2026-02-03,15:09,UDPL,UDPL,High,0,0,50,61928.0,Abnormal volume spike (3x avg),Review immediately
2026-02-03,15:09,UNIC,UNIC,High,0,0,50,11594.0,Abnormal volume spike (3x avg),Review immediately
2026-02-03,15:09,UNITY,UNITY,High,0,0,50,4030670.0,Abnormal volume spike (3x avg),Review immediately
2026-02-03,15:09,UPFL,UPFL,High,0,0,50,289.0,Abnormal volume spike (3x avg),Review immediately
2026-02-03,15:09,UVIC,UVIC,High,0,0,50,2646.0,Abnormal volume spike (3x avg),Review immediately
2026-02-03,15:09,WAFI,WAFI,High,0,0,50,38712.0,Abnormal volume spike (3x avg),Review immediately
2026-02-03,15:09,WAHN,WAHN,High,0,0,50,848.0,Abnormal volume spike (3x avg),Review immediately
2026-02-03,15:09,WASL,WASL,High,0,0,50,298481.0,Abnormal volume spike (3x avg),Review immediately
2026-02-03,15:09,WAVES,WAVES,High,0,0,50,3076464.0,Abnormal volume spike (3x avg),Review immediately
2026-02-03,15:09,WAVESAPP,WAVESAPP,High,0,0,50,2606324.0,Abnormal volume spike (3x avg),Review immediately
2026-02-03,15:09,WTL,WTL,High,0,0,50,14300717.0,Abnormal volume spike (3x avg),Review immediately
2026-02-03,15:09,YOUW,YOUW,High,0,0,50,1332423.0,Abnormal volume spike (3x avg),Review immediately
2026-02-03,15:09,ZAHID,ZAHID,High,0,0,50,3069.0,Abnormal volume spike (3x avg),Review immediately
2026-02-03,15:09,ZAL,ZAL,High,0,0,50,2713304.0,Abnormal volume spike (3x avg),Review immediately
2026-02-03,15:09,ZIL,ZIL,High,0,0,50,50.0,Abnormal volume spike (3x avg),Review immediately
2026-02-03,15:09,ZTL,ZTL,High,0,0,50,1020.0,Abnormal volume spike (3x avg),Review immediately
2026-02-03,15:09,ZUMA,ZUMA,High,0,0,50,584051.0,Abnormal volume spike (3x avg),Review immediately
2026-02-03,15:09,SRR,SRR,High,0,0,50,442788.0,Abnormal volume spike (3x avg),Review immediately
2026-02-03,15:09,PSMC,PSMC,High,0,0,50,292769.0,Abnormal volume spike (3x avg),Review immediately
2026-02-03,15:09,BYCO,BYCO,High,0,0,50,13936500.0,Abnormal volume spike (3x avg),Review immediately
2026-02-03,15:09,SHEL,SHEL,High,0,0,50,37395.0,Abnormal volume spike (3x avg),Review immediately
2026-02-03,15:09,ENGRO,ENGRO,High,0,0,50,4496408.0,Abnormal volume spike (3x avg),Review immediately
2026-02-03,15:09,RUPL,RUPL,Low,0,0,50,3.0,High volume (2x avg),Watch
